:0840000008990202010203010C
:0240200021F18C
:01406000223D
:0640800022000007600DA4
:1041F1007581D0C2AF75FFDE75FFAD53F8F37584DD
:104201000F75E11C75E20075E34C75A47075ADFF87
:1042110075A5FF75901B75A67D75A0BF75A7FF7568
:10422100B083759CFF75C8FF759D0075D8FF759E9D
:10423100FF75E847759F8175F87E75840075A32029
:104241007543FD129DA47544AF12D9A075450F1297
:10425100D9AA75461312D9B475472912D9C475481C
:10426100F012D9CE75490612D9D875D10375D4800B
:1042710075D20075D30075840175D4007584001260
:10428100DAD4754A2112D9E2754B0012D9F27401C0
:1042910090005AF075840F758C6712DAD4E58C3072
:1042A100E7FB759701758A0075890475840075B7F8
:1042B1003075840F438901758D01758F01758E05E8
:1042C10012DB09758907E58930E4FB75970275846E
:1042D100001250C25348FD12D9CE5349EF12D9D81A
:1042E10053497F12D9D85349BF12D9D8434508122F
:1042F100D9AA43472012D9C475840F759CFF7584D0
:1043010000753200753380124FE6753200753380C7
:1043110012502375320075338012501775320075B3
:10432100338012501175320075330012501D534401
:10433100BF43448012D9A05348FE12D9CE7536002E
:1043410075370012CF8875DC00C200C201C202C2FB
:1043510003C204C205C207C208C209C20AC20BC213
:104361000CC20EC210C211C212C213C214C215C2B3
:1043710018C219C21FC220C2217550009000AC742E
:1043810000F0A3F090000A74FFF075985075910A3F
:1043910075840175C80075C90875CABB75CCBB7534
:0543A100CBFE75CDFE0E
:1043A600D2CAC21E7584017598507584007589221B
:1043B600438E09758D94D28E75C80075840275C8B2
:1043C6000075C90875CA3875CC3875CBFF75CDFF31
:1043D60075500012AD5880007584007581D0C29862
:1043E6003098FD71ED80F1C2AFC2ACD29953E7BFF0
:1043F600758401C298D29975840012DA29B45505DC
:1044060012DA218048745512DA2112DAC820983D52
:10441600201E1D12DB5ED21E12DAD47E02D2994312
:104426009802745512DA2112DAC8209820DEEE229C
:1044360012DB3DC21E12DAC87E02D299439802747C
:104446005512DA2112DAC8209803DEEE2212DA2992
:10445600406DB4F8B074AA12DA2112DA294060F578
:104466003012DA29405912DA294054F53112DA2984
:10447600404D7C00E53025E0FD50010C9044E5E51B
:10448600822DF582E5833CF583E493FEA3E4938EC7
:1044960083F582AF31BF00028023E493F9A3E4934E
:1044A600F8A312DA294018AA82AB8388828983F09E
:1044B600A312DA294009F08A828B83DFDD91C8C214
:1044C6000522904AB3E5822DF582E5833CF583E427
:1044D60093FEA3E4938E83F582C298C205E47346E5
:1044E60009460B460B460B460D460F461146174628
:1044F6001B4621462346254627470F4757470F4762
:104506000F470F47614761470F470F470F47AB47B5
:104516000F47B1470F470F470F470F470F47C5478D
:10452600C547C547C547C747C747CB47CB47CB470F
:10453600CB47CD47CD47CD47CF47CF47DD47DF47B1
:10454600DF47DF47DF470F470F47DF4801470F4782
:104556000F4813480148014815470F481D481D4894
:104566001D482148214849470F4849484948494874
:10457600B94903491549174949499549974A7B4914
:10458600A74629462949E349E5462949E749E9462F
:104596002949EB49EF49F949FB49FD49FF4A014AD7
:1045A600034A054A054A054A214A434A434A454AB7
:1045B6004F4A514A534A554A574A594A5B4A5B4AF7
:1045C6005B4A5F4A5F4A634A634A654A674A694A81
:1045D600694A6B4A6D4A734A734A754A754A794AFB
:1045E600054A794A794A7B4A874A7B4A994A9B4ACD
:1045F6009D4A9F4A9F4A9F4A9F4AAF4AAF4AB14A3D
:10460600B14AB10008000E00120016005000520018
:104616005400940092005E00600062006E009400F8
:1046260018008E00E000E200E400E600E800EA0080
:10463600EC00EE00F000F200F400F600F800FA00DC
:10464600FC00FE01000102010401060108010A0145
:104656000C010E01100112011401160118011A01B4
:104666001C011E01200122012401260128012A0124
:104676002C012E01300132013401360138013A0194
:104686003C013E01C401C601C801CA01CC01CE01EC
:10469600D001D201D401D601D801DA01DC01DE0154
:1046A600E001E201E401E601E801EA01EC01EE01C4
:1046B600F001F201F401F601F801FA01FC01FE0233
:1046C600000202020402060208020A020C020E029C
:1046D600100212021402160218021A021C021E020C
:1046E600200222022402260228022A022C022E027C
:1046F600300232023402360238023A023C023E02EC
:104706004002420244024600D2000E00120014008B
:0D471600740076015C015E0008005E00D8B2
:1047230000DA00DC00DE00B200B400820084008600
:10473300008A008C008E0090009600D00088007CD8
:10474300009A009C009E00A000A200A400A600A85E
:1047530000AA00D2000E0078008400860088000EB4
:10476300001200740076015C015E0008005E00E048
:1047730000E200E400E600E800EA00EC00EE00825C
:1047830000840086008A008C008E0090009600D082
:104793000088007C009A009C009E00A000A200A458
:1047A30000A600A800AA00D20084008600AC025232
:1047B30000D800DA00DC00DE008E00D00082009C0E
:1047C300009E007A001200D2000800C6000E015CB1
:1047D30000D800B200B4008E0090007E0252025452
:1047E30002560258025A025C025E0082008400D024
:1047F300008E009000D800DA00DC00DE0260008248
:10480300008400D0008E009000D800DA00DC00DEC7
:10481300001A000000020004000600AE00B0000E03
:10482300015C015E008A008C008E0090008400E031
:1048330000E200E400E600E800EA00EC00EE00F02D
:1048430000F200F400F6015C015E016001560158BC
:10485300015A008A008C007C00E000E200E400E6DC
:1048630000E800EA00EC00EE00F000F200F400F6CD
:1048730000F800FA00FC00FE010001020104010639
:104883000108010A010C010E017A017C017E0180FD
:104893000182018401860188018A018C018E0190C5
:1048A3000096009A009C009E00A000A200A400A60F
:1048B30000A800AA00D2015C015E016000740076CA
:1048C300008A008C007C00E000E200E400E600E8DF
:1048D30000EA00EC00EE00F000F200F400F600F84D
:1048E30000FA00FC00FE008E00900096009A009CE7
:1048F300009E00A000A200A400A600A800AA00D267
:10490300015C015E008C008E009000D800DA00DCB0
:1049130000DE00C0008A008C015C015E00E000E262
:1049230000E400E600E800EA00EC00EE00F000F22C
:1049330000F400F60144008E00360048004A004CA3
:10494300004E004600D2008A008C015C015E00E04C
:1049530000E200E400E600E800EA00EC00EE00F00C
:1049630000F200F400F6008200240148007400768F
:10497300014001420096009C0144008E00D800DAF9
:1049830000DC00DE00360048004A004C004E0046C2
:1049930000D2008A0082014800240074007601429C
:1049A300009C00D2015C015E01560158008A00E0C0
:1049B30000E200E400E600E800EA00EC00EE00821A
:1049C3000024014800740076014001420096009CD7
:1049D300009E014400360048004A004C004E004649
:1049E300025C001C00C800CA008E00360248024A5E
:1049F300024C024E025000B600BA00BC00B800BE22
:104A0300008E0252025402560258025A025C025E9F
:104A130000820260026402660268008A00D00252C9
:104A2300025402560258025A025C025E0082008A55
:104A330000D000D800DA00DC00DE008E00900260B7
:104A4300005C000E00D800DA00DC00DE001E00204F
:104A530000220024026A0098008A0082026C026E1F
:104A6300005000520054006A000C006400660068A5
:104A7300006C00560058008200360048004A004C83
:104A8300004E004600360038003A003C003E00402D
:0D4A93000042004400460036008200820010
:104AA000260028002A002C002E003000320034009E
:104AB000CC00CE51E251EA51EE51F251F952065278
:104AC00013521D52F4530A531E53FF540C55D17602
:104AD000B0779D779D7FCA82B582F784AE85B58613
:104AE000F88B908C278FD98FD9945395DB9D879520
:104AF000789DB39DB99DBF9DCB9DD79DF49E099E8A
:104B0000149E239E329E499E599E5A9E6E9E6EA072
:104B10008DA0A1A0B0A0C0A0C7A0DFA262A3A2A543
:104B2000C1A951AB2BACF5AD03AD04AD05AD09ADDD
:104B300009AD3BAE42AE71AF76B01E9BF9B02BB162
:104B4000FCB360B7ADB8A5B95CB9DEBAC3B9C3BC34
:104B5000CBBD11BD59BE71C867CC71CC7EB4B5CC8C
:104B600089CC9ECA39CCB3CD7CCE51CE5FCE6DCE32
:104B70007BCE8ACD3BA242CE98D056D29FD3DBD3F8
:104B8000F88237828A829882A682B4D40DD45DDA04
:104B90001DD4B9D4BCD54FD54FD6CAD6CBD6CFD6D7
:104BA000D3D6D7D6D8D6E0D6F4D746D746D766D709
:104BB00066D76DCE9BD76DD76ED7EBD80ED80ED8F3
:104BC00048D86ED881D8E5D8E8D8E8D8F2D8FCD84B
:104BD000FCD914D914D91522C007FF201205910061
:104BE000D00722C0077F03910012DADA740212ADF7
:104BF000F2D007EF12ADF212DAD412DAD4D00722D3
:104C0000C083C08290000AE0C39FC0E0EFF0D0E014
:104C1000D082D08370012220100B75840FD2F875DA
:104C2000840012DADAEFB40A0D53460F43469012AD
:104C3000D9B412DADA22B40B1553460F4346901258
:104C4000D9B412DABC75840FC2F875840022B40C92
:104C50000A4346F012D9B412DADA22B400155346E8
:104C60000F43468012D9B412DABC75840FC2F875AE
:104C7000840022B4011530100875840FD2F87584B1
:104C8000004346F012D9B412DADA22C39402232385
:104C9000232353460F424612D9B412DABC75840F4F
:104CA000C2F875840022600743491012D9D82253F4
:104CB00049EF12D9D822600743498012D9D822532C
:104CC000497F12D9D822600743494012D9D82253CC
:104CD00049BF12D9D822C007FF540F71D8EF541022
:104CE00091A6EF542091B6EF544091C6D00722B15F
:104CF00003B11E12DABC12DABCB13F12DABCB151F8
:104D0000B12C2220120A20130D43460112D9B422DD
:104D1000740412ADF222740312ADF2B10922534BA6
:104D20007F12D9F222434B8012D9F222B1322012E3
:104D300008225347FB12D9C422740612ADF2222076
:024D4000120956
:104D420075840FC2ED75840022740A12ADF222201E
:104D5200120753457F12D9AA22740812ADF222B16A
:104D62009712DABCB1A912DABC12DABCB1712253C1
:104D720046FE12D9B420120420130722740312AD86
:104D8200F2222220120743470412D9C422740512C8
:104D9200ADF2B1322275840FD2ED7584002012017A
:104DA20022740912ADF22243458012D9AA201201BF
:104DB20022740712ADF222900050E070075349FBB3
:104DC20012D9D822C0E043490412D9D8D0E0B401A4
:104DD200105348FB5348F712D9CE43470112D9C4A6
:104DE20022B402104348045348F712D9CE43470174
:104DF20012D9C422B403105348FB43480812D9CE37
:104E020043470112D9C422B404104348044348085A
:104E120012D9CE43470112D9C422B405105348FB1C
:104E22005348F712D9CE5347FE12D9C422B4061002
:104E32004348045348F712D9CE5347FE12D9C4222D
:104E4200B407105348FB43480812D9CE5347FE1209
:104E5200D9C42243480443480812D9CE5347FE120C
:104E6200D9C42220120E900052E0235346F142464A
:104E720012D9B422741312ADF2900052E012ADF2C4
:104E820022900054E0700743490812D9D822C0E0AA
:104E92005349F712D9D8D0E0B401105347BF534752
:0E4EA2007F12D9C45349FE12D9D822B402108F
:104EB00043474053477F12D9C45349FE12D9D822E1
:104EC000B403105347BF43478012D9C45349FE125D
:104ED000D9D822B4041043474043478012D9C45361
:104EE00049FE12D9D822B405105347BF53477F1249
:104EF000D9C443490112D9D822B4061043474053BC
:104F0000477F12D9C443490112D9D822B40710539C
:104F100047BF43478012D9C443490112D9D822431D
:104F2000474043478012D9C443490112D9D822903F
:104F30000056E023534AF1424A12D9E22290005827
:104F4000E0700122B4010D534BFE534BFD534BF760
:104F500012D9F222B4020D434B01534BFD534BF7D0
:104F600012D9F222B4030D534BFE434B02534BF7BD
:104F700012D9F222B4040D434B01434B02534BF7B9
:104F800012D9F222B4050D534BFE534BFD434B088F
:104F900012D9F222B4060D434B01534BFD434B088B
:104FA00012D9F222B4070D534BFE434B02434B0878
:104FB00012D9F222434B01434B02434B0812D9F260
:104FC0002275840FE0F5C800D29500C295A3E0F5E4
:104FD000C800D29600C296758400C29300D293D2C4
:104FE000A20000C2A22275840F8532C800D29500AB
:104FF000C2958533C800D29600C296758400C293CC
:1050000000D293D2A20000C2A222E0F532A3E0F5C2
:10501000337534C0112922753400112922753440AA
:10502000112922753480112922C007C2A500000071
:1050300000C2B17F02E53433F534C2A4000050044D
:0C504000D2A40000D2A500C2A500DFE948
:10504C007F08E53333F533C2A400005004D2A4002A
:10505C0000D2A500C2A500DFE97F08E53233F532A6
:10506C00C2A400005004D2A40000D2A500C2A50026
:10507C00DFE9D2B1C2B00000D2B0D0072230110F9C
:10508C00740412AE7EE53212AE7EE53312AE7E2291
:10509C0030110F740512AE7EE53212AE7EE533127E
:1050AC00AE7E2230110F740612AE7EE53212AE7E49
:1050BC00E53312AE7E2243440112D9A043440412BC
:1050CC00D9A05344EF12D9A043450212D9AAC292D7
:1050DC000000000000C291C2902275840F759CFFE5
:1050EC0075840043441012D9A0C294740075840FC7
:1050FC00F5C8758400D29500C295740075840FF5BF
:10510C00C8758400D29600C296C29300D2935344C1
:10511C00FE12D9A05344FB12D9A0D2A20000C2A205
:10512C002275840F759C0075C8FF759D0075D8FF9E
:10513C0075840043442012D9A0C2B7C2A0D29053A8
:10514C0044F712D9A043440812D9A02275840F75D4
:10515C009C0075C8FF759D0075D8FF75840043448D
:10516C002012D9A0C2B7C2A05344F712D9A043440D
:10517C000812D9A02275840F759C0075C8FF759D07
:10518C000075D8FF758400D2A05344F712D9A04300
:10519C00440812D9A02275840F759C0075C8FF7540
:1051AC009D0075D8FF758400D2A022E53612DA2155
:1051BC00E53712DA2122E53612DA21E53712DA2147
:1051CC00E53812DA212231C2E53912DA212231D244
:1051DC00E53A12DA2122900008E0124BD822124C48
:1051EC00EF22124D612290000E124FC1229000123C
:1051FC00E0F532A3E0F533111122900016E0F53200
:10520C00A3E0F533112322124DB9124E65124E83D1
:10521C0022711E12DB0930160312DABC201513C0E2
:0D522C0006C00790009212EC68516331D269
:10523900D007D00622C006C00790009212EC685130
:1052490063D2B65345CF12D9AA31D290009212EC4B
:1052590068516331D2D007D0062253443F12D9A0F6
:1052690075840F759C0075C8FF759D0075D8FF750D
:105279008400C2A07536007537007538007539008D
:10528900D29100000000000000C29175840275CA25
:105299003875CC3875CBFF75CDFFD2CAC2CF7584AE
:1052A9000230CFFDC2CF75840FE5D82536F536E536
:1052B900C8D29100000000000000C2913537F537CF
:1052C90050080538E53870020539DFD2DED075841B
:1052D90002C2CA758400D2A075840F759CFF7584BB
:1052E900005344BF43448012D9A02290005EE012CB
:1052F9004CA6900060E0124CB6900062E0124CC6D9
:105309002290006EE0600743450412D9AA22534552
:10531900FB12D9AA22900094E0B41403C21622C247
:1053290015C216900094E0B4001DE54554087008B4
:10533900D21643450812D9AAE54754207008D21657
:1053490043472012D9C422B4091DE5455408700801
:10535900D21643450812D9AAE54754206008D21647
:105369005347DF12D9C422C0E0E54554086008D28A
:10537900165345F712D9AAD0E0B40109C2B653456C
:10538900CF12D9AA22B40209D2B65345CF12D9AA4B
:1053990022B4030CC2B64345205345EF12D9AA22C1
:1053A900B4040CD2B64345205345EF12D9AA22B40E
:1053B900050CC2B65345DF43451012D9AA22B406DB
:1053C9000CD2B65345DF43451012D9AA22B4070CB3
:1053D900C2B643452043451012D9AA22B4080CD2BB
:0B53E900B643452043451012D9AA220C
:1053F400C2B65345CF12D9AAD21522900018E0F5AF
:1054040032A3E0F5331117229000507401F0124DCD
:10541400B9900008E0124BD87400124CA674001224
:105424004CB67400124CC612A0B0124D9712DABCDE
:10543400124DA990000EE0F532A3E02420F53312BA
:105444004FE612DABC90000E124FC112DABC900083
:105454008E12EC68516331D2124D3F124D5112A09D
:10546400A190005EE0124CA6900060E0124CB69051
:105474000062E0124CC622C2AFC2ADC2CAC2CF9013
:1054840000DAE0B4000543C9088006B4011453C926
:10549400F79000D8E0F5CAF5CCA3E0F5CBF5CDD272
:1054A400CA22B4020543C908800353C9F79000DC3B
:1054B400E0F53DA3E0F53EA3E0F53FE53D600805DA
:1054C4003EE53E7002053FE53E6002053F853D40F6
:1054D400853E41853F429000D8E0F5CAF5CCA3E073
:1054E400F5CBF5CDD2AFD2ADC206D2CA22C2CAC262
:1054F400CF43C9089000D8E0F5CAF5CCA3E0F5CBBA
:10550400F5CDD2CA229000DAE06003B40108B13BC1
:1055140030CFFDC2CF22B13B300501223006F7C2A5
:1055240006229000DAE06003B4010630CFFDC2CF5A
:015534002254
:105535003006FDC2062230981EC298E599B41B03B9
:10554500D20522B41303B15D22B41205B218D219E3
:1055550022B40203D21A22223098FDC298E599B4EA
:105565001B03D20522B4110122B41205B218D219B7
:1055750022B400E4B17D80E012705331B722C0043B
:10558500C005850705850604ED60011CC3900086EE
:10559500E09DFFA3E09CFEEF60010EB294C219D01E
:1055A50005D00412DAA92290009AE0B40219758494
:1055B5000F30FB137584003098F4E599C298B41B3D
:1055C5000302ECECB411E77584002222B1AC53441C
:1055D5003F12D9A090000EE075840FF5C8758400C0
:1055E500D29500C295A3E075840FF5C8758400D2E5
:1055F5009600C296C29300D2935344F712D9A043A2
:10560500440812D9A0C2199000D012ECB212EC5B7A
:105615008F538E5412EC518F518E5290008AE0C3F5
:10562500941050199000AAE06013D2235345F71245
:10563500D9AAD2B65345CF12D9AA12DABC90008A9C
:10564500E0C3944C502D90008AE0C3943C402490D4
:105655000016E0F567A3E0F568756500756600F16D
:105665000DD218900088E07002C21890009EE0F5F7
:1056750055801490008CE0F555AB55900088E0609E
:0E56850004D2948002C29490008AE0B4000324
:10569300025919B40103025A36B40203025B61B41E
:1056A3000303025C8FB40403025D56B40503025E78
:1056B30081B40E03025FBAB47C03026107B48603AC
:1056C3000262AAB42803026476B42903026557B4BC
:1056D3002A0302670AB42C0302688DB42D03026AFD
:1056E30005B43603026B99B43C02E174B43D02E1A4
:1056F300EFB43E03025862B440030258C2B44103FC
:105703000258C2B44A0302591822900074E0F569A2
:10571300A3E0F56A900076E0F56BA3E0F56C22E573
:10572300652569F565E566356AF566E567356BF503
:1057330067E568356CF56885673285683322F12241
:10574300112322C3E5659569F565E566956AF566F6
:10575300E567956BF567E568956CF5688567328550
:10576300683322F146112322301803F14122F166F6
:10577300225345F712D9AAC2B65345CF12D9AA125A
:10578300DABCD29100000000000000C29120A1FD0C
:10579300312D917BAB55B109F16BDBFAD29100004E
:1057A3000000000000C29120A1FDD2B612DB12D28C
:1057B3009100000000000000C29120A1FDC2B612BA
:1057C300DB12DFD0DECEB21812EC5BDDC7DCC52006
:1057D300A1FDD290000000000000C290E5507003CC
:1057E30012ECE212EC7212EB5E02ECEC5345F71290
:1057F300D9AAC2B65345CF12D9AA12DABCD29100A4
:10580300000000000000C29120A1FD125158125463
:105813007BAB5512550912576BDBF8126FDB12EA9B
:10582300CFD2B612DB12126FDB12EACFC2B612DB93
:0358330012DFDEA3
:10583600DEDCB21812EC5BDDD5DCD3126FDB12EACC
:10584600CFD2B612DB12126FDB12EACFE55070032D
:1058560012ECE212EC7212EBD902ECEC5345F712A1
:10586600D9AAC2B65345CF12D9AA12DABC90009073
:10587600E0F55712547B12553B30050302ECECABB6
:105886005512550912576BDBF8E5571270CBD2B695
:10589600E53612DA21E53712DA21E5571270CBC266
:1058A600B6E53612DA21E53712DA21301903125538
:1058B60083DFC3DEC1B21812EC5B80BA5345F71220
:1058C600D9AAC2B65345CF12D9AA12DABC90008A19
:1058D600E0C3943CF012547B12553B30050302ECB6
:1058E600ECAB5512550912576BDBF812E70012DBC9
:1058F6007FD2B612DB1212E70012DB7FC2B612DBD2
:1059060012301903125583DFCFDECDB21812EC5BCD
:1059160080C62290009CE0607275D90875D8007523
:10592600DA46F5FC75DB4690009EE0F5FE43444002
:1059360053447F12D9A0D29100000000000000C29B
:105946009120A1FDD29100000000000000C291202C
:10595600A1FD12512D1250C2D292D291D290125460
:105966007BD2DE30CFFDC2CFDFF9DEF7B294AF5384
:10597600AE54DDEFDCEDC2DE75DA0075DB00C292F7
:105986000000000000C291C29041191250E690003A
:1059960084E075840FF5C8758400D29500C295A37E
:1059A600E075840FF5C8758400D29600C296D21DA4
:1059B60012512D43444053447F12D9A0D291000086
:1059C6000000000000C29120A1FDD291000000005D
:1059D600000000C29120A1FD1254F130CFFDC29209
:0E59E600000000C2CFD292DB09D29100000077
:1059F400AB55C291DFE7DEE5301D10C21DC293AF87
:105A040053AE54D293DDD6DCD4800AD21DAF53AE4C
:105A140054DDCADCC820A1FDD290000000000000C3
:105A2400C290E550700312ECE212EC6512EB5E02D8
:105A3400ECEC12547BD29100000000000000C291F3
:105A440020A1FD900090E0F5576002805312512D83
:105A54005344F712D9A043440812D9A0AB5530CF10
:105A6400FDC292000000C2CFD292DB09D2910000A5
:105A740000AB55C291DFE7DEE5AF53AE54B294DD1F
:105A8400DDDCDB20A1FDD290000000000000C2900C
:105A9400E550700312ECE212EC6512EB5E02ECECE2
:105AA4001251585344F712D9A043440812D9A09074
:105AB400008EE0F556FA30980AC298E599B41B03B3
:105AC40002ECEC753800753900753A007B08E55531
:105AD400B405027B0430CFFDC2CFE5571270CBD2A0
:105AE4009200000000000000C292DBE930CFFDC24A
:105AF400CF7B03E555B405027B02E53A13F53AE59D
:105B04003913F539E53813F538DBEFD2920000008C
:105B140000000000C292E555B40A0530CFFDC2CFA3
:105B2400DA0BAA5685383685393712EACFE555B4EB
:105B34000A0BD29200000000000000C292DF1CDEBB
:105B44001AAF53AE54B294DD12DC10E55070031258
:105B5400ECE212EC6512EBD902ECEC41BAC21C90F7
:105B64000090E0F55712547B12553B30050302ECCC
:105B7400EC853858853959753800753900753A00FF
:0A5B8400E555B40A13125526E55743
:105B8E001270CBD29200000000000000C29212559B
:105B9E0026E5571270CBD29200000000000000C222
:105BAE0092E555B40A13125526E5571270CBD292D0
:105BBE0000000000000000C292125526E557127038
:105BCE00CB301C05E55812DA21D2920000000000FD
:105BDE000000C292E555B40A13125526E55712700D
:105BEE00CBD29200000000000000C292125526E5B2
:105BFE00571270CBD29200000000000000C292E556
:105C0E0055B40A13125526E5571270CBD2920000E6
:105C1E000000000000C292125526E5571270CB30DC
:105C2E001C05E55912DA21D2920000000000000096
:105C3E00C292E555B40A0E125526D292000000000B
:105C4E00000000C292125526D29200000000000001
:105C5E0000C2927B03E555B405027B02E53A13F5CB
:105C6E003AE53913F539E53813F538DBEFD21C3048
:105C7E001903125583DF08DE06AF53AE54B294619A
:105C8E006CC21C12547B900090E0F55790008EE091
:105C9E00F556F9C31304F562FAD21B30980AC2986E
:105CAE00E599B41B0302ECEC753800753900753AB2
:105CBE00007B08E555B405027B0430CFFDC2CFE56D
:105CCE00571270CBD29200000000000000C292DB8F
:105CDE00E930CFFDC2CF7B03E555B405027B02E56B
:105CEE003A13F53AE53913F539E53813F538DBEFA4
:105CFE00D29200000000000000C292301C1AE9701F
:105D0E0009E55812DA21A956C21B201B0BDA09E548
:105D1E005912DA21AA62D21BE555B40A0530CFFD1D
:105D2E00C2CFD908853858853959D21CE555B40AE1
:105D3E000BD29200000000000000C292DF08DE06C7
:065D4E00AF53AE54B29405
:105D540081A9C21C12547BD29100000000000000F3
:105D6400C29120A1FD12553B30050302ECEC8536AF
:105D74005885375985385A85395B7536007537002B
:105D8400753800753900E555B40A1112552612E428
:105D940030D29200000000000000C2921255261278
:105DA400E430301C05E55812DA21D29200000000DC
:105DB400000000C292E555B40A1112552612E430CF
:105DC400D29200000000000000C29212552612E494
:105DD40030301C05E55912DA21D29200000000008F
:105DE4000000C292E555B40A1112552612E430D2CD
:105DF4009200000000000000C29212552612E43006
:105E0400301C05E55A12DA21D2920000000000008D
:105E140000C292E555B40A1112552612E430D2920A
:105E240000000000000000C29212552612E4303037
:105E34001C05E55B12DA21D292000000000000008C
:105E4400C292E555B40A1112552612E430D29200DA
:105E5400000000000000C29212552612E430D292D3
:105E640000000000000000C292D21C301903125539
:105E740083DF08DE06AF53AE54B294A169C21C128C
:105E8400547BD29100000000000000C29120A1FDCB
:105E940012553B30050302ECEC853658853759859D
:105EA400385A85395B853A5C753600753700753824
:105EB40000753900753A00E555B40A1112552612D9
:105EC400E4ABD29200000000000000C292125526FA
:105ED40012E4AB301C05E55812DA21D2920000001E
:105EE40000000000C292E555B40A1112552612E4CE
:105EF400ABD29200000000000000C292125526129C
:105F0400E4AB301C05E55912DA21D29200000000FE
:105F1400000000C292E555B40A1112552612E4ABF2
:105F2400D29200000000000000C29212552612E432
:105F3400AB301C05E55A12DA21D2920000000000B1
:105F44000000C292E555B40A1112552612E4ABD2F0
:105F54009200000000000000C29212552612E4AB29
:105F6400301C05E55B12DA21D2920000000000002B
:105F740000C292E555B40A1112552612E4ABD2922E
:105F840000000000000000C29212552612E4AB305B
:105F94001C05E55C12DA21D292000000000000002A
:045FA400C292D21CB7
:105FA800301903125583DF08DE06AF53AE54B2949E
:105FB800C194754C017401124BD812DAA912755F9D
:105FC80012DAA9300CF7C21C12547BD291000000DF
:105FD80000000000C29120A1FD12553B30050302CC
:105FE800ECEC753900753A00753B00756D00756EFF
:105FF80000756FFF7570FFE555B40A11125526122A
:106008006DE5D29200000000000000C292125526F1
:10601800126DE5D29200000000000000C292E55522
:10602800B40A11125526126DE5D292000000000044
:106038000000C292301C05E55812DA2112552612CA
:106048006DE5D29200000000000000C292E555B450
:106058000A11125526126DE5D292000000000000C8
:1060680000C292125526126DE5D29200000000007F
:106078000000C292E555B40A11125526126DE5D2F8
:106088009200000000000000C292301C05E5591281
:10609800DA21125526126DE5D292000000000000A8
:1060A80000C2927B03E555B405027B02E53B13F57C
:1060B8003BE53A13F53AE53913F539DBEF853958FD
:1060C800853A5912756112DA21E555B40A0E12554E
:1060D80026D29200000000000000C292125526D27B
:1060E8009200000000000000C292D21C3019031276
:1060F8005583DF08DE06AF53AE54B294025FE15316
:1061080045F712D9AA20230AC2B65345CF12D9AAF5
:106118008008D2B65345CF12D9AA12DABCC21C12D3
:10612800547BD29100000000000000C29120A1FD24
:1061380012553B30050302ECEC20230AC2B6534546
:10614800CF12D9AA8008D2B65345CF12D9AA12DBEA
:1061580012753900753A00753B00E555B40A1112FD
:106168005526126F3ED29200000000000000C29235
:10617800301C05E55812DA21125526126F3ED292CC
:1061880000000000000000C292E555B40A11125543
:1061980026126F3ED29200000000000000C292302A
:1061A8001C05E55912DA21125526126F3ED29200CB
:1061B800000000000000C2927B02E555B405027B96
:0661C80001E53B13F53B6D
:1061CE00E53A13F53AE53913F539DBEF853958859C
:1061DE003A59125526D29200000000000000C292D9
:1061EE00D2B64345205345EF12D9AA12DB127539A8
:1061FE0000753A00753B00E555B40A11125526128A
:10620E006F3ED29200000000000000C292301C05CA
:10621E00E55A12DA21125526126F3ED29200000074
:10622E0000000000C292E555B40A11125526126FF5
:10623E003ED29200000000000000C292301C05E524
:10624E005B12DA21125526126F3ED2920000000028
:10625E00000000C2927B02E555B405027B01E53BCE
:10626E0013F53BE53A13F53AE53913F539DBEF85CE
:10627E00395A853A5BE555B40A0E125526D292006C
:10628E00000000000000C292D21C30190312558388
:10629E00DF08DE06AF53AE54B29421385345F712E1
:1062AE00D9AA20230AC2B65345CF12D9AA8008D242
:1062BE00B65345CF12D9AA12DABC12DAC8754C0100
:1062CE007401124BD812DAA912755F12DAA9300CCA
:1062DE00F7C21C12547BD29100000000000000C2D5
:1062EE009120A1FD12553B30050302ECEC20230A50
:1062FE00C2B65345CF12D9AA8008D2B65345CF1293
:10630E00D9AA12DB09753900753A00753B00756D17
:10631E0000756E00756FFF7570FFE555B40A1112AA
:10632E005526126DE5D29200000000000000C292C8
:10633E00301C05E55812DA21125526126DE5D2925F
:10634E0000000000000000C292E555B40A1112557B
:10635E0026126DE5D29200000000000000C29230BD
:10636E001C05E55912DA21125526126DE5D292005E
:10637E00000000000000C2927B02E555B405027BCE
:10638E0001E53B13F53BE53A13F53AE53913F539DB
:10639E00DBEF853958853A59125526D29200000006
:1063AE0000000000C292D2B64345205345EF12D9E9
:1063BE00AA12DB12753900753A00753B00E555B42B
:1063CE000A11125526126F3ED292000000000000F4
:0363DE0000C29268
:1063E100301C05E55A12DA21125526126F3ED2925F
:1063F10000000000000000C292E555B40A111255D8
:1064010026126F3ED29200000000000000C29230BE
:106411001C05E55B12DA21125526126F3ED292005D
:10642100000000000000C2927B02E555B405027B2A
:1064310001E53B13F53BE53A13F53AE53913F53937
:10644100DBEF85395A853A5B12756112DA21E55520
:10645100B40A0E125526D29200000000000000C2BC
:1064610092D21C301903125583DF08DE06AF53AEFA
:1064710054B29441F25345F712D9AAC2B65345CF4B
:1064810012D9AA12DABC12EC518F518E5212EC5B66
:106491008F538E54AF51AE5243444053447F12D96F
:1064A100A0D29100000000000000C29120A1FDD205
:1064B1009100000000000000C29120A1FD1250E6F1
:1064C100900084E075840FF5C8758400D29500C2F0
:1064D10095A3E075840FF5C8758400D29600C29625
:1064E100D21D12512DC2221254F1202209C2B6121C
:1064F100DB12D2228007D2B612DB12C22230CFFDCC
:10650100C2920000000000C2CFD292DB0BD29100F8
:1065110000000000AB55C291DFD0DECE301D10C2AD
:106521001DC293AF53AE54D293DDBFDCBD800AD2FE
:106531001DAF53AE54DDB3DCB120A1FDD2900000FC
:1065410000000000C290E550700312ECE212EC7200
:1065510012EB5E02ECEC5345F712D9AAC2B65345D1
:10656100CF12D9AA12DABC12EC518F518E5212EC11
:106571005B8F538E54AF51AE5212547B900090E01A
:10658100F55760028074D29100000000000000C243
:106591009120A1FD12512D5344F712D9A043440873
:1065A10012D9A0AB55C22230CFFDC292000000002B
:1065B10000C2CFD292DB18D2910000000000AB558F
:0B65C100C291202206D2B6D222800434
:1065CC00C2B6C222DFD6DED4AF53AE54B294DDCC09
:1065DC00DCCA20A1FDD290000000000000C290E5B2
:1065EC0050700312ECE212EC7212EB5E02ECEC5304
:1065FC0044F712D9A043440812D9A090008EE0F5BC
:10660C0056FA30980AC298E599B41B0302ECECC216
:10661C00B612DB12753800753900753A007B04E54B
:10662C0055B405027B0230CFFDC2CFE5571270CBBB
:10663C00D29200000000000000C292DBE97B02E570
:10664C0055B405027B01E53A13F53AE53913F539F2
:10665C00E53813F538DBEFDA0BAA56853836853971
:10666C003712EACF30CFFDC2CFD29200000000002B
:10667C000000C292D2B612DB127538007539007563
:10668C003A007B04E555B405027B0230CFFDC2CF46
:10669C00E5571270CBD29200000000000000C292AD
:1066AC00DBE97B02E555B405027B01E53A13F53ACB
:1066BC00E53913F539E53813F538DBEFDA0BAA5663
:1066CC0085383685393712EACFE555B40A1030CF04
:1066DC00FDC2CFD29200000000000000C292DF1C6D
:1066EC00DE1AAF53AE54B294DD12DC10E5507003D9
:1066FC0012ECE212EC7212EBD902ECECC10E534527
:10670C00F712D9AAC2B65345CF12D9AA12DABCC213
:10671C001C900090E0F55712547B12553B3005034A
:10672C0002ECECC2B612DB12753800753900753A02
:10673C0000E555B40A13125526E5571270CBD292C8
:10674C0000000000000000C292125526E55712709E
:10675C00CBD29200000000000000C292301C05E574
:0E676C005812DA21E555B40A13125526E557E6
:10677A001270CBD29200000000000000C2921255A3
:10678A0026E5571270CB301C05E55912DA21D29250
:10679A0000000000000000C2927B02E555B4050229
:1067AA007B01E53A13F53AE53913F539E53813F57E
:1067BA0038DBEF853858853959125526D2920000B0
:1067CA000000000000C292D2B612DB1275380075C2
:1067DA003900753A00E555B40A13125526E55712E1
:1067EA0070CBD29200000000000000C2921255261F
:1067FA00E5571270CBD29200000000000000C2924E
:10680A00301C05E55A12DA21E555B40A1312552649
:10681A00E5571270CBD29200000000000000C2922D
:10682A00125526E5571270CB301C05E55B12DA21AA
:10683A00D29200000000000000C292E555B40A0E90
:10684A00125526D29200000000000000C2927B027C
:10685A00E555B405027B01E53A13F53AE53913F536
:10686A0039E53813F538DBEF85385A85395BD21CA0
:10687A00301903125583DF08DE06AF53AE54B294C3
:10688A000267265345F712D9AAC2B65345CF12D981
:10689A00AA12DABCC21C12547BD29100000000007A
:1068AA000000C29120A1FD12553B30050302ECEC19
:1068BA00C2B612DB127536007537007538007539A5
:1068CA0000E555B40A1112552612E430D29200009E
:1068DA000000000000C292301C05E55812DA2112AD
:1068EA00552612E430301C05E55912DA21D29200FD
:1068FA00000000000000C292E555B40A11125526A4
:10690A0012E430D29200000000000000C292301C53
:10691A0005E55A12DA2112552612E430301C05E533
:10692A005B12DA21D29200000000000000C29285B8
:10693A00365885375985385A85395B125526D29289
:10694A0000000000000000C292D2B612DB127536B7
:10695A0000753700753800753900E555B40A11120B
:10696A00552612E430D29200000000000000C292C4
:05697A00301C05E55C86
:10697F0012DA2112552612E430301C05E55D12DAC9
:10698F0021D29200000000000000C292E555B40A27
:10699F001112552612E430D29200000000000000C0
:1069AF00C292301C05E55E12DA2112552612E43030
:1069BF00D29200000000000000C292301C05E55F7B
:1069CF0012DA2185365C85375D85385E85395FE55E
:1069DF0055B40A0E125526D2920000000000000096
:1069EF00C292D21C301903125583DF08DE06AF5353
:1069FF00AE54B29401B1C21C12547B5345F712D955
:106A0F00AAC2B65345CF12D9AA12DABCD29100004E
:106A1F000000000000C29120A1FD12553B3005037C
:106A2F0002ECECC2B612DB12753600753700753802
:106A3F0000753900753A00E555B40A111255261242
:106A4F00E4ABD29200000000000000C292301C059F
:106A5F00E55812DA2112552612E4AB301C05E55920
:106A6F0012DA21D29200000000000000C292E55518
:106A7F00B40A1112552612E4ABD2920000000000A6
:106A8F000000C292301C05E55A12DA211255261267
:106A9F00E4AB301C05E55B12DA21D2920000000056
:106AAF00000000C292301C05E55C12DA21853658D1
:106ABF0085375985385A85395B853A5C125526D208
:106ACF009200000000000000C292D2B612DB1275D5
:106ADF003600753700753800753900753A00E55581
:106AEF00B40A1112552612E4ABD292000000000036
:106AFF000000C292301C05E55D12DA2112552612F4
:106B0F00E4AB301C05E55E12DA21D29200000000E2
:106B1F00000000C292E555B40A1112552612E4ABDB
:106B2F00D29200000000000000C292301C05E55F09
:106B3F0012DA2112552612E4AB301C05E56012DA89
:106B4F0021D29200000000000000C292E555B40A65
:106B5F000E125526D29200000000000000C29230A3
:106B6F001C05E56112DA2185365D85375E85385F54
:106B7F00853960853A61D21C301903125583DF08BD
:0D6B8F00DE06AF53AE54B2944129754C019F
:106B9C007401124BD812DAA9754D01740112D6E7A3
:106BAC0012DAA95345F712D9AAC2B65345CF12D956
:106BBC00AA12DABC12755F12DAA9300CF71276053C
:106BCC0012DAA9300DF7C21C12547BD291000000CE
:106BDC0000000000C29120A1FD12553B30050302BC
:106BEC00ECECC2B612DB1212755FF560301C05E5D9
:106BFC006012DA21125526D292000000000000002B
:106C0C00C292753600753700753800753900E55538
:106C1C00B40A1112552612E430D292000000000082
:106C2C000000C292301C05E55812DA2112552612CA
:106C3C00E430301C05E55912DA21D2920000000034
:106C4C00000000C292E555B40A1112552612E43028
:106C5C00D29200000000000000C292301C05E55AE0
:106C6C0012DA2112552612E430301C05E55B12DADB
:106C7C0021D29200000000000000C2928536588597
:106C8C00375985385A85395BD2B612DB1212760524
:106C9C00F561753600753700753800753900E555A6
:106CAC00B40A0E125526D29200000000000000C259
:106CBC0092301C05E56112DA21E555B40A11125522
:106CCC002612E430D29200000000000000C2923084
:106CDC001C05E55C12DA2112552612E430301C0535
:106CEC00E55D12DA21D29200000000000000C29291
:106CFC00E555B40A1112552612E430D29200000068
:106D0C0000000000C292301C05E55E12DA2112551B
:106D1C002612E430D29200000000000000C2923033
:106D2C001C05E55F12DA2185365C85375D85385E9A
:106D3C0085395FD21C301903125583DF08DE06AF8C
:106D4C0053AE54B29461E5C007C006C005C004C080
:106D5C0003C00275840F759C0075C8FF759D007586
:106D6C00D8FF758400D29100000000000000C29191
:106D7C00C2A07D007C007B007A0090008E12EC6833
:106D8C0075840F20A1FD12DB3BE5D82DFDE5C83C39
:046D9C00FC50050B97
:106DA000EB70010AD29100000000000000C291DFE8
:106DB000DEDEDC758400D2A075840F759CFF7584BF
:106DC00000900090E0FFEA13FAEB13FBEC13FCEDEC
:106DD00013FDDFF28D368C37D002D003D004D005FE
:106DE000D006D00722C007C006C005C004C003C03B
:106DF00002C001C00075840F759C0075C8FF759DA9
:106E00000075D8FF758400D29100000000000000DA
:106E1000C291C2A07D007C007B007A0090008E129F
:106E2000EC6875840F20A1FDE5D8F92DFDE5C8F8C3
:106E30003CFCD29100000000000000C29150050B04
:106E4000EB70010AC3E9956FE895705004896F886B
:106E500070C3E9956DE8956E4004896D886EDFC555
:106E6000DEC3758400D2A075840F759CFF75840005
:106E7000900090E0FFC3EA13FAEB13FBEC13FCED78
:106E800013FDDFF1E5392DF539E53A3CF53A5002CD
:106E9000053BD000D001D002D003D004D005D006ED
:106EA000D00722C007C006C005C004C003C002C08E
:106EB00082C08375840F759C0075C8FF759D007531
:106EC000D8FF758400D29100000000000000C2913C
:106ED000C2A07D007C007B007A0090008E12EC68DE
:106EE00075840F20A1FD12DB3BE5D82DFDE5C83CE4
:046EF000FC50050B42
:106EF400EB70010AD29100000000000000C291DF93
:106F0400DEDEDC758400D2A075840F759CFF758469
:106F140000900090E0FFC3EA13FAEB13FBEC13FCC0
:106F2400ED13FDDFF18D368C37D083D082D002D0C3
:106F340003D004D005D006D00722C007C006C00580
:106F4400C004C003C00275840F759C0075C8FF752A
:106F54009D0075D8FF758400D291000000000000E8
:106F640000C291C2A07D007C007B007A0090008E5C
:106F740012EC6875840F20A1FD12DB3BE5D82DFDD2
:106F8400E5C83CFC50050BEB70010AD291000000EF
:106F940000000000C291DFDEDEDC758400D2A07543
:106FA400840F759CFF758400900090E0FFC3EA1382
:106FB400FAEB13FBEC13FCED13FDDFF1E5392DF5D2
:106FC40039E53A3CF53A5002053BD002D003D004EF
:106FD400D005D006D00722D29100000000000000A6
:106FE400C291C007C006C005C00475840F759C001B
:106FF40075C8FF759D0075D8FF758400C2A07E001A
:107004007D007C007F1075840F20A1FD12DB3BE521
:10701400D82EFEE5C83DFD50010CD29100000000C1
:10702400000000C291DFE2758400D2A075840F7560
:107034009CFF7584007F04EC13FCED13FDEE13FE3E
:10704400DFF58E368D37D004D005D006D00722D296
:0A7054009100000000000000C2914E
:10705E00C007C006C005C00475840F759C0075C8B6
:10706E00FF759D0075D8FF758400C2A07E007D005F
:10707E007C007F0075840F20A1FD12DB3BE5D82E2E
:10708E00FEE5C83DFD50010CD2910000000000004D
:10709E0000C291DFE2758400D2A075840F759CFF4B
:1070AE007584007F08EC13FCED13FDEE13FEDFF587
:1070BE008E368D37D004D005D006D0072275840FBA
:1070CE0011D475840022B40004311F8033B401043E
:1070DE00314A802CB4020431AC8025B40304511221
:1070EE00801EB40404517B8017B4050451E1801056
:1070FE00B4060471478009B4070471AD8002911380
:10710E00E5382536F538E5393537F5395002053A83
:10711E0022759C0075C8FF759D0075D8FFC2A02012
:10712E00A1FD12DB3B85C83685D837D29100000011
:10713E0000000000C291D2A0759CFF22D2910000E7
:10714E000000000000C291C007C006C005C0047553
:10715E009C0075C8FF759D0075D8FFC2A07E007D8E
:10716E00007C007F0220A1FD12DB3BE5D82EFEE560
:10717E00C83DFD50010CD29100000000000000C27D
:10718E0091DFE2D2A0759CFFEC13FCED13FDEE1324
:10719E00FE8E368D37D004D005D006D00722D29180
:1071AE0000000000000000C291C007C006C005C06C
:1071BE0004759C0075C8FF759D0075D8FFC2A07E32
:1071CE00007D007C007F0420A1FD12DB3BE5D82E64
:0371DE00FEE5C803
:1071E1003DFD50010CD29100000000000000C29151
:1071F100DFE2D2A0759CFF7F02EC13FCED13FDEEE4
:1072010013FEDFF58E368D37D004D005D006D007BA
:1072110022D29100000000000000C291C007C00608
:10722100C005C004759C0075C8FF759D0075D8FF29
:10723100C2A07E007D007C007F0820A1FD12DB3B07
:10724100E5D82EFEE5C83DFD50040C12DB3BD29182
:1072510000000000000000C291DFDFD2A0759CFF9A
:107261007F03EC13FCED13FDEE13FEDFF58E368D7F
:1072710037D004D005D006D00722D29100000000FB
:10728100000000C291C007C006C005C004759C0083
:1072910075C8FF759D0075D8FFC2A07E007D007C7A
:1072A100007F1020A1FD12DB3BE5D82EFEE5C83D95
:1072B100FD50010CD29100000000000000C291DFDE
:1072C100E2D2A0759CFF7F04EC13FCED13FDEE13DD
:1072D100FEDFF58E368D37D004D005D006D00722DB
:1072E100D29100000000000000C291C007C006C09A
:1072F10005C004759C0075C8FF759D0075D8FFC257
:10730100A07E007D007C007F2020A1FD12DB3BE5FB
:10731100D82EFEE5C83DFD50010CD29100000000C1
:10732100000000C291DFE2D2A0759CFF7F05EC1343
:0B733100FCED13FDEE13FEDFF58E36C1
:10733C008D37D004D005D006D00722D291000000A2
:10734C0000000000C291C007C006C005C004759CB7
:10735C000075C8FF759D0075D8FFC2A07E007D002A
:10736C007C007F4020A1FD12DB3BE5D82EFEE5C85A
:10737C003DFD50010CD29100000000000000C291B4
:10738C00DFE2D2A0759CFF7F06EC13FCED13FDEE43
:10739C0013FEDFF58E368D37D004D005D006D0071E
:1073AC0022D29100000000000000C291C007C0066C
:1073BC00C005C004759C0075C8FF759D0075D8FF8D
:1073CC00C2A07E007D007C007F8020A1FD12DB3BF3
:1073DC00E5D82EFEE5C83DFD50010CD29100000011
:1073EC0000000000C291DFE2D2A0759CFF7F07EC89
:1073FC0013FCED13FDEE13FEDFF58E368D37D00446
:10740C00D005D006D00722D2910000000000000069
:10741C00C291C007C006C005C004759C0075C8FFAA
:10742C00759D0075D8FFC2A07E007D007C007F009A
:10743C0020A1FD12DB3BE5D82EFEE5C83DFD500139
:10744C000CD29100000000000000C291DFE2D2A03B
:10745C00759CFF7F08EC13FCED13FDEE13FEDFF5BE
:10746C008E368D37D004D005D006D00722C004C08C
:10747C0005C006C00775840F759C0075C8FF759D07
:10748C000075D8FF758400D2910000000000000048
:10749C00C291C2A07E207F0075360075370075380A
:0A74AC0000753900756D00756E0063
:1074B600756FFF7570FF75840275CA0C75CC0C75F7
:1074C600CBFF75CDFFD2CAC2CF75840230CFFDC2C5
:1074D600CF75840FE5D8FD2536F536E5C8FCD29183
:1074E60000000000000000C2913537F5375008054E
:1074F60038E53870020539C3ED956FEC9570500488
:107506008D6F8C70C3ED956DEC956E40048D6D8C12
:107516006EDFB6DEB4758400D2A075840F759CFF4D
:1075260075840075840275CA3875CC3875CBFF75BD
:10753600CDFFC2CA758400C37F0DE53913F539E561
:107546003813F538E53713F537E53613F536DFEA40
:10755600D007D006D005D004229179E56DC3946496
:10756600E56E94A6400302759BE56FC3949CE57097
:107576009459500302759BE56DC394EBE56E9481B7
:10758600500EE56FC39414E570947E40030275D1E6
:10759600D20CE54C22E54CB4000280F4C007FFC2D1
:1075A6000C14F54CB4080E7401124CB67400124C4F
:1075B600C67407800FB4070C7400124CB674001220
:1075C6004CC67407124BD8EFD00722E54CB406021E
:1075D60080BEC007FFC20C04F54CB4090C7401123E
:1075E6004CB6124CC67407800FB4080C7401124CCA
:0675F600B67400124CC641
:1075FC007407124BD8EFD00722D2B612DAEE91797B
:10760C00E56DC39464E56E94A64003027646E56F7F
:10761C00C3949CE57094595003027646E56DC3946F
:10762C00EBE56E9481500EE56FC39414E570947E77
:10763C00400302767CD20DE54D22E54DB40102806B
:10764C00F4C007FFC20D14F54DB4080E740112D727
:10765C001C740012D7317407800FB4070C7400121D
:10766C00D71C740012D731740712D6E7EFD007225B
:10767C00E54DB4090280BEC007FFC20D04F54DB440
:10768C00090C740112D71C12D7317407800FB4087F
:10769C000C740112D71C740012D731740712D6E780
:1076AC00EFD007229000AC7400F0A3F0C2947800E5
:1076BC007900900078E0FFA3E0FE900088E0600283
:1076CC00F10A900084E0FBA3E0FA90000EE0FDA329
:1076DC00E0FCF117F10A900086E0FBA3E0FAF11749
:1076EC00F10A900086E0FBA3E0FAF117F10A7B6443
:1076FC007A00F11743440412D9A012DA2122EE6465
:0A770C00FFFEEF64FF04FF70010EA2
:10771600225344EF12D9A043450212D9AAEB6001C5
:107726000AED75840FF5C8758400D29500C295ECF4
:1077360075840FF5C8758400D29600C296C2930070
:10774600D2935345FD12D9AAE975840FF5C87584FD
:1077560000D29500C295E875840FF5C8758400D2ED
:107766009600C296C29300D29309E9700108534469
:10777600FB12D9A05344FD12D9A043440212D9A04A
:1077860043440412D9A043450212D9AAED2FFDECB9
:107796003EFCDB8DDA8B221255AC53443F12D9A046
:1077A6007564009000D012EC688507058506041202
:1077B600EC518F678E6890015CE0F560A3E0F5619F
:1077C60090015EE0F562A3E0F563E56075840FF570
:1077D600C8758400D29500C295E56175840FF5C819
:1077E600758400D29600C296C29300D29390008A06
:1077F600E0B40002803DB40102218EB4030241913F
:10780600B404024191B405024191B40D026147B43A
:107816000E026147B40F026147B414028160B415C9
:1078260002A1D3B41702C1C1B41802C1C1B419026E
:10783600C1C12243444053447F12D9A0D2910000D3
:107846000000000000C29120A1FDD29100000000BE
:10785600000000C29120A1FD12512D75840FD2A007
:10786600759CFFD2A20000C2A2E562F5C800D295BF
:1078760000C295E563F5C800D29600C296C2930091
:10788600D293C2A0759C0075C8FF759D0075D8FF80
:107896007584001254F130CFFDC2CFD291000000A2
:1078A60000000000C291DFEEDEECDD04DC022150B8
:1078B60075840FD2A20000C2A2D2A0759CFFE5601B
:1078C600F5C800D29500C295E561F5C800D29600CC
:1078D600C296C29300D293C2A0759C0075C8FF756C
:1078E6009D0075D8FF758400AF67AE681254F130FD
:1078F600CFFDC2CFD29100000000000000C291DF90
:10790600EEDEECDD04DC02804175840FD2A20000BD
:10791600C2A2D2A0759CFFE562F5C800D29500C24E
:1079260095E563F5C800D29600C296C29300D2933D
:02793600C2A0ED
:10793800759C0075C8FF759D0075D8FF758400AFEC
:1079480067AE681254F1019C20A1FDD2900000009E
:10795800000000C290D2A075840F759CFF7584004A
:10796800E550700312ECE2E564601275840FD2F8FA
:10797800758400E56512DA21E56612DA2112EC65F4
:1079880012EB5E02ECECD2A20000C2A2E5627584A2
:107998000FF5C8758400D29500C295E56375840F0C
:1079A800F5C8758400D29600C2965344F712D9A040
:1079B80043440812D9A012547B30980AC298E5991A
:1079C800B41B0302ECEC30CFFDC2CF126EA312EA57
:1079D800CFDFE6DEE4DD04DC02416BC29300D29324
:1079E800D2A20000C2A2E56075840FF5C8758400B4
:1079F800D29500C295E56175840FF5C8758400D2EB
:107A08009600C296C29300D293AF67AE6830980AC8
:107A1800C298E599B41B0302ECEC30CFFDC2CF123B
:107A28006EA312EACFDFE6DEE4DD04DC028034C2B6
:107A38009300D293D2A20000C2A2E56275840FF52A
:107A4800C8758400D29500C295E56375840FF5C8A2
:107A5800758400D29600C296C29300D293AF67AEE7
:107A68006821C1E550700312ECE2E5646012758488
:107A78000FD2F8758400E56512DA21E56612DA217D
:107A880012EC6512EBD902ECECD2A20000C2A2E51E
:107A98006275840FF5C8758400D29500C295E563B8
:107AA80075840FF5C8758400D29600C29612547B6F
:107AB80012EC5112550930050302ECEC12E70012E2
:107AC800DB7FDFEFDEEDDD04DC028070C29300D2E5
:107AD80093D2A20000C2A2E56075840FF5C8758430
:107AE80000D29500C295E56175840FF5C8758400CC
:107AF800D29600C29612EC5112550930050302ECD9
:107B0800EC12E70012DB7FDFEFDEEDDD04DC028044
:107B18002BC29300D293D2A20000C2A2E562758460
:107B28000FF5C8758400D29500C295E56375840F7A
:107B3800F5C8758400D29600C29641B802ECEC53A1
:107B480045F712D9AAC2B65345CF12D9AA12DABC40
:107B5800D2A20000C2A2E56275840FF5C875840040
:107B6800D29500C295E56375840FF5C8758400D277
:107B78009600C2965344F712D9A043440812D9A0DC
:107B880012547B90008AE0C3940AF012EC5112550B
:107B98000930050302ECECC2B65345CF12D9AA123C
:057BA800DB1212E700F2
:107BAD0012DB7FD2B64345205345EF12D9AA12DB23
:107BBD001212E70012DB7FDFD0DECEDD04DC0281A6
:107BCD005DC29300D293D2A20000C2A2E56075847B
:107BDD000FF5C8758400D29500C295E56175840FC7
:107BED00F5C8758400D29600C29612EC5112550953
:107BFD0030050302ECECC2B65345CF12D9AA12DB05
:107C0D001212E70012DB7FD2B64345205345EF1227
:107C1D00D9AA12DB1212E70012DB7FDFD0DECEDD38
:107C2D0004DC02802BC29300D293D2A20000C2A228
:107C3D00E56275840FF5C8758400D29500C295E58F
:107C4D006375840FF5C8758400D29600C296619352
:107C5D0002ECEC5345F712D9AAC2B65345CF12D94F
:107C6D00AA12DABC53443F12D9A0D29100000000F1
:107C7D00000000C29120A1FD12512D75840FD2A0DC
:107C8D00759CFFD2A20000C2A2E562F5C800D29594
:107C9D0000C295E563F5C800D29600C296C2930066
:107CAD00D293C2A0759C0075C8FF759D0075D8FF55
:107CBD007584001254F130CFFDC2CFD29100000077
:107CCD0000000000C29120A1FDD2B630CFFDC2CF81
:107CDD00D29100000000000000C29120A1FDC2B6AB
:107CED00DFD4DED2DD04DC02A1AB75840FD2A2009D
:107CFD0000C2A2D2A0759CFFE560F5C800D2950028
:107D0D00C295E561F5C800D29600C296C29300D225
:107D1D0093C2A0759C0075C8FF759D0075D8FF7541
:107D2D008400AF67AE681254F130CFFDC2CFD2914F
:107D3D0000000000000000C29120A1FDD2B630CF9E
:107D4D00FDC2CFD29100000000000000C29120A121
:107D5D00FDC2B6DFD4DED2DD04DC02804175840FB6
:107D6D00D2A20000C2A2D2A0759CFFE562F5C800A8
:107D7D00D29500C295E563F5C800D29600C296C2B1
:107D8D009300D293759C0075C8FF759D0075D8FF43
:107D9D00C2A0758400AF67AE681254F181C320A1F3
:107DAD00FDD290000000000000C290D2A075840F9B
:107DBD00759CFF758400E550700312ECE212EC72B5
:107DCD0012EB5E02ECEC5345F712D9AAC2B653453D
:107DDD00CF12D9AA12DABCD2A20000C2A2E56275F6
:107DED00840FF5C8758400D29500C295E56375843E
:107DFD000FF5C8758400D29600C2965344F712D978
:107E0D00A043440812D9A012547B30980AC298E5B9
:107E1D0099B41B0302ECEC30CFFDC2CF12DE59DF5B
:037E2D00E9DEE7A4
:107E3000DD04DC02807BC29300D293D2A20000C298
:107E4000A2E56075840FF5C8758400D29500C295CF
:107E5000E56175840FF5C8758400D29600C296AFAF
:107E600067AE6830980AC298E599B41B0302ECEC3F
:107E700030CFFDC2CF12DE59DFE9DEE7DD04DC02E0
:107E8000802FC29300D293D2A20000C2A2E56275F5
:107E9000840FF5C8758400D29500C295E56375849A
:107EA0000FF5C8758400D29600C296AF67AE68C160
:107EB00017E550700312ECE212EC7212EBD902ECEF
:107EC000EC5345F712D9AAC2B65345CF12D9AA121C
:107ED000DABCD2A20000C2A2E56275840FF5C875B3
:107EE0008400D29500C295E56375840FF5C875844A
:107EF00000D29600C2965344F712D9A04344081208
:107F0000D9A012547B90008AE0C39414F012EC5173
:107F100012550930050302ECEC12DE3712DB7F85C7
:107F2000513685523785533885543985553A12DB99
:107F30007FDFDDDEDBDD04DC02E1C7C29300D2932C
:107F4000D2A20000C2A2E56075840FF5C875840056
:107F5000D29500C295E56175840FF5C8758400D28D
:107F60009600C296C29300D29312EC51125509307A
:107F7000050302ECEC12DE3712DB7F8551368552A9
:107F80003785533885543985553A12DB7FDFDDDE7E
:107F9000DBDD04DC028030C29300D293D2A2000069
:107FA000C2A2E56275840FF5C8758400D29500C23F
:107FB00095E56375840FF5C8758400D29600C29666
:107FC000C29300D293E10D02ECEC1255AC53443F46
:107FD00012D9A07564017400124E6C9000D012EC9E
:107FE0006885070585060412EC518F678E6890013D
:107FF0005CE0F560A3E0F56190015EE0F562A3E06E
:10800000F563E56075840FF5C8758400D29500C2EC
:1080100095E56175840FF5C8758400D29600C29607
:10802000C29300D29390008AE0B40A028007B40B96
:108030000201B501D243444053447F12D9A0D291EA
:1080400000000000000000C29120A1FDD2910000BC
:108050000000000000C29120A1FD126FDB1251B799
:1080600075840FC2F875840012DAD4126FDB85367E
:0A8070006585376612512D75840FE7
:10807A00D2A0759CFFD2A20000C2A2E562F5C80098
:10808A00D29500C295E563F5C800D29600C296C2A1
:10809A009300D293C2A0759C0075C8FF759D0075A8
:1080AA00D8FF7584001254F102789C126FDB1251CA
:1080BA00B775840FC2F875840012DAD4126FDB85A3
:1080CA00366585376602798E126FDB1251B7758471
:1080DA000FC2F875840012DAD4126FDB8536658513
:1080EA003766D2A20000C2A2E56275840FF5C87590
:1080FA008400D29500C295E56375840FF5C875842E
:10810A0000D29600C296C29300D2935344F712D972
:10811A00A043440812D9A012547BE56512DA21E57E
:10812A006612DA2112EC5112550930050302ECEC01
:10813A00126FDB90009EE060335336FEE53724E68B
:10814A0040028006E537241A502243360175840F0F
:10815A00D2F875840012DAEE12DAEE12DAEE12DAD8
:10816A00EE12DAEE75840FC2F87584001251B7DF89
:10817A00B6DEB4DD04DC02412CD2A20000C2A2E5C4
:10818A006075840FF5C8758400D29500C295E561C3
:10819A0075840FF5C8758400D29600C296C2930002
:1081AA00D29312EC5112550930050302ECEC126F0E
:1081BA00DB90009EE060335336FEE53724E640024A
:1081CA008006E537241A502243360175840FD2F807
:1081DA0075840012DAEE12DAEE12DAEE12DAEE1222
:1081EA00DAEE75840FC2F87584001251B7DFB6DE75
:1081FA00B4DD04DC02802BD2A20000C2A2E56275C3
:10820A00840FF5C8758400D29500C295E56375841C
:10821A000FF5C8758400D29600C296C29300D29315
:10822A00212E75840FD2F875840002ECEC740012CA
:10823A004E6C740A124BD812DAD475840FC2F875D0
:10824A00840012DAD490000E124FC112547B126FBE
:10825A00DB853665853766125509126FDB75840F23
:10826A00D2F8758400E56512DA21E56612DA211280
:10827A0051B77401124BD8C2CAC2CFC2AFC2AD2223
:0D828A0090001EE0F532A3E0F5331250899C
:1082970022900020E0F532A3E0F53312509C2290A3
:1082A7000022E0F532A3E0F5331250AF222222E09C
:1082B7002DFDA3E03CFCA3E03BFBF532A3E03AFA3B
:1082C700F53322C000C001C006C007E0F8A3E0F9FB
:1082D700A3E0FEA3E0FFC3ED98FDEC99FCEB9EFB4A
:1082E700F532EA9FFAF533D007D006D001D0002245
:1082F7001255AC53443F12D9A07D007C0090000E6C
:10830700E0FBF532A3E0FAF533124FE690015C513A
:10831700B612EC6590008AE09409400261E1900092
:10832700E071A612550930050302ECEC9000E871E4
:10833700A612E53A124FE6853662853763853864BB
:10834700853965853A6690008CE0B4000790007423
:1083570051B6800A90000EE0F532A3E0F5331255CE
:108367000930050302ECEC9000E071A612E53A1221
:108377009DEA124FE612DB7F856236856337856497
:108387003885653985663A90008CE0B4000312DBC6
:108397007F90015C51B6DF05DE0302ECEC8084C000
:0D83A70007C006C005C004C003AF82AE834E
:1083B4009000D8AD82AC837B088F828E83E0A3AF1C
:1083C40082AE838D828C83F0A3AD82AC83DBEA1210
:1083D400547BD003D004D005D006D007225345F7F0
:1083E40012D9AAC2B65345CF12D9AA12DABC900048
:1083F4008AE0C39414F09000E071A6125509300588
:108404000302ECEC9000E871A612DBA0124FE685A3
:10841400366785376885386985396A853A6B855149
:108424006C85526D85536E85546F85557090008CA4
:10843400E0B4000790007451B6800A90000EE0F595
:1084440032A3E0F53312550930050302ECEC900039
:10845400E071A612DBA0129DEA124FE612DB7F85C3
:10846400513685523785533885543985553A12DB50
:108474007F90008CE0B40024856736856837856971
:1084840038856A39856B3A12DB7F856C36856D37A2
:10849400856E38856F3985703A12DB7F90015C51A7
:1084A400B6DF05DE0302ECEC61FF1255AC53443F2A
:1084B40012D9A05344F712D9A043440812D9A07D7D
:1084C400007C0090000EE0FBF532A3E0FAF53312D5
:1084D4004FE6900084E0F55B900088E0C2186002EB
:1084E400D21890008AE094095004C215801BD2155A
:1084F4005345F712D9AAC2B65345CF12D9AA12DAF4
:10850400BC90008AE0C39414F012547B9000D01203
:10851400EC688F628E6312EC651255093005030214
:0F852400ECEC30180790007451B6800590015CA4
:1085330051B6155BE55B70E2900084E0F55B2015B6
:108543001D90008AE0B40108126EA312EACF8003E3
:1085530012E53A124FE6129DEA12DB7F802712DB07
:10856300A0124FE6129DEA90008AE0B40102801542
:1085730012DB7F85513685523785533885543985CB
:10858300553A12DB7FDF27DE25B218D56222D56389
:108593001FE550700312ECE290008AE0B4010C1264
:1085A300EC5B30150312EC6012EBD902ECECA11D6D
:1085B300A11A1250E690009CE075840FF5C87584EB
:1085C30000D29500C295A3E075840FF5C8758400A9
:1085D300D29600C296C29300D293D2A20000C2A246
:1085E300900012E0F567A3E0F568900014E0F565EC
:1085F300A3E0F56612570D90009EE0F551F8900048
:10860300A0E0F552D226753A00753B00753C00C2D6
:10861300259000D0E0B40202D225C21BC21DD22491
:1086230090008AE07005C22412515812547B9000C6
:108633008612ECB290008412EC68125509300503DF
:1086430002ECEC126EA3C29200000000000000D204
:1086530092E53A2536F53AE53B3537F53B500205C9
:108663003CD85FA85130260FC226302408301B5255
:10867300E53812DA21804BA952C3E53C13F53CE5FA
:108683003B13F53BE53A13F53AD9EFD226302410E4
:10869300301B05E53912DA21853A38853B398009E3
:0B86A300853A36853B3712EACFD21B28
:1086AE00753A00753B00753C00201D05125722805F
:1086BE0003125746125011DF2FDE2DC29300D293B4
:1086CE00DD24DC2230240AE53812DA21E53912DA0B
:1086DE0021302506C225D21DC13120240612EC659B
:1086EE0012EBD902ECECC137C13D1255AC53443FED
:1086FE0012D9A07D007C0090000EE0FBF532A3E0C5
:10870E00FAF533124FE612547B12EC6590008AE0B4
:10871E00B40002803FB40103028827B4020302882A
:10872E0085B403030288BFB404030288BFB40503F3
:10873E000288BFB41403028902B41503028A26B458
:10874E001603028A8FB41703028AECB41803028A46
:10875E00EC028AECD29100000000000000C29120D1
:10876E00A1FD90015C51B6124FE612512D12547BB1
:10877E0030CFFDC2CFD29100000000000000C291A8
:10878E0020A1FD12DB3AD2A075840F759CFF758473
:10879E000090007451B6124FE6C2A075840F759CFE
:1087AE000075C8FF759D0075D8FF75840030CFFD2C
:1087BE00C2CFD29100000000000000C29120A1FDA6
:1087CE0012DB3AD2A075840F759CFF758400900160
:1087DE005C51B6124FE6C2A075840F759C0075C829
:1087EE00FF759D0075D8FF758400DF2ADE2820A155
:1087FE00FDD290000000000000C290D2A075840F40
:10880E00759CFF758400E550700312ECE212EC7259
:10881E0012EB5E02ECEC02877E5344F712D9A043B2
:10882E00440812D9A090015C1282B6124FE630981D
:10883E000AC298E599B41B0302ECEC30CFFDC2CF0F
:10884E00126EA312EACF9000741282B6124FE63067
:10885E00CFFDC2CF126EA312EACF90015C1282B688
:10886E00124FE6DFC9DEC7E550700312ECE212ECE0
:10887E007212EBD902ECEC90015C1282B6124FE64A
:0C888E0012550930050302ECEC126EA339
:10889A009000741282B6124FE61251B7125509129D
:1088AA006EA390015C1282B6124FE61251B7DFD462
:1088BA00DED202ECEC12E70090015C1282B6124F93
:1088CA00E612550930050302ECEC12E70090007439
:1088DA001282B6124FE612DB7F12550930050302E7
:1088EA00ECEC12E70090015C1282B6124FE612DB42
:1088FA007FDFCEDECC02ECEC5345F712D9AAC2B622
:10890A005345CF12D9AA12DABCD291000000000056
:10891A000000C29120A1FD90015C1282B6124FE6BE
:10892A0012512D12547B30CFFDC2CFC2B65345CF60
:10893A0012D9AA12DB12D29100000000000000C274
:10894A009120A1FDD2B65345CF12D9AA12DB12D279
:10895A009100000000000000C29120A1FD0000006B
:10896A000000D2A075840F759CFF75840090007476
:10897A001282B6124FE6C2A075840F759C0075C8A4
:10898A00FF759D0075D8FF75840030CFFDC2CFC238
:10899A00B65345CF12D9AA12DB12D29100000000B9
:1089AA00000000C29120A1FDD2B65345CF12D9AA28
:1089BA0012DB12D29100000000000000C29120A137
:1089CA00FD0000000000D2A075840F759CFF75841D
:1089DA000090015C1282B6124FE6C2A075840F7530
:1089EA009C0075C8FF759D0075D8FF758400DF2A45
:1089FA00DE2820A1FDD290000000000000C290D223
:108A0A00A075840F759CFF758400E550700312EC05
:108A1A00E212EC8512EB5E02ECEC21305345F712C0
:108A2A00D9AAC2B65345CF12D9AA12DABC5344F70F
:108A3A0012D9A043440812D9A090015C1282B6123E
:108A4A004FE630980AC298E599B41B0302ECEC3061
:108A5A00CFFDC2CF12DE599000741282B6124FE6D1
:108A6A0030CFFDC2CF12DE5990015C1282B6124F8E
:108A7A00E6DFCFDECDE550700312ECE212EC851290
:108A8A00EBD902ECEC5345F712D9AAC2B65345CF3B
:108A9A0012D9AA12DABC90015C1282B6124FE612FF
:108AAA00550930050302ECEC12DF9A900074128229
:0A8ABA00B6124FE61251B78551368F
:108AC4008552371251B712550912DF9A90015C1280
:108AD40082B6124FE61251B785513685523712517C
:108AE400B7DFC2DEC002ECEC5345F712D9AAC2B616
:108AF4005345CF12D9AA12DABC1255093005030224
:108B0400ECEC9000741282B6124FE612550930054F
:108B14000302ECEC9000741282CA124FE690008AB1
:108B2400E0C39414F012DBA090015C1282B6124FE1
:108B3400E612550930050302ECEC12DBA090007438
:108B44001282B6124FE612DB7F8551368552378585
:108B5400533885543985553A12DB7F12550930054F
:108B64000302ECEC12DBA090015C1282B6124FE619
:108B740012DB7F85513685523785533885543985C4
:108B8400553A12DB7FDFAADEA802ECECC294900017
:108B940086E0F9A3E0F812EC513098FDC298AB9945
:108BA4003098FDC298AA9971BBDFEEDEEC43440411
:108BB40012D9A012DA2122EB75840FF5C87584004E
:108BC400D29500C295EA75840FF5C8758400D296D3
:108BD40000C296C29300D2935345FD12D9AAE975F7
:108BE400840FF5C8758400D29500C295E875840F8A
:108BF400F5C8758400D29600C296C29300D2930938
:108C0400E97001085344FB12D9A05344FD12D9A0C2
:108C140043440212D9A043440412D9A0434502128A
:108C2400D9AA221255ACC20B90008AE06002D20B82
:108C3400E599C29812EC65C006C0079000D8E0C35D
:108C440094D8A3E094FF401943444053447F12D97D
:108C5400A0D29100000000000000C29120A1FD807C
:108C64000653443F12D9A0B13212553B30050302DA
:108C7400ECEC300B0D12DA50600812DA50124CD6BC
:0D8C840080B59000B2E0603C7400124CB668
:108C91007400124CC675320075338012501712DA07
:108CA100C812521D12DA50600B12DA50124CD61251
:108CB100DAC880ED12DA50F53212DA50F53312507B
:108CC1001712DA50124CD6C000C001C002C0039086
:108CD1000012E0FAA3E0FB900014E0F8A3E0F990A1
:108CE1000074E028F8A3E039F9900076E03AFAF54B
:108CF10032A3E03BFBF533125011900012EAF0A3CE
:108D0100EBF0900014E8F0A3E9F0D003D002D00119
:108D1100D000129DEA12553B30050302ECEC12DA49
:108D21005012DAC8D007D006DF05DE0302ECEC8171
:108D31003B78517914760008D9FB9000A8E0F53C06
:108D41001250E690009CE075840FF5C8758400D23E
:108D51009500C295A3E075840FF5C8758400D2967D
:108D610000C296C29300D293D2A20000C2A2900088
:108D7100A6E0FAFBA3E06001FB9000D012EC9E900C
:108D8100008412EC688F658E6612547B900090E02F
:108D9100703212512D30CFFDC2920000000000C28E
:108DA100CFD292DB0BD29100000000008A03C29166
:108DB100DFE3DEE1C293856507856606D293D9D5E7
:108DC100D8D3802A30CFFDC2920000000000C2CF6C
:108DD100D292DB08126D5312EACF8A03DFE6DEE49A
:0C8DE100C293856507856606D293D9D839
:108DED00D8D6D290000000000000C29075840F7597
:108DFD009CFF75840074FF75840FF5C8758400D2CF
:108E0D009500C295747F75840FF5C8758400D29650
:108E1D0000C296C29300D293D2A20000C2A21250F9
:108E2D00C2125181D2B743442012D9A0900090E0D4
:108E3D00700AD290000000000000C29090008CE0FB
:108E4D006017FB9000AA12EC68D2900000000000A1
:108E5D0000C290DFF4DEF2DBEA90009EE0F567A33E
:108E6D00E0F5689000A0E0F569A3E0F56A9000A236
:108E7D00E0F56BA3E0F56C9000A4E0FDA3E0FC79B8
:108E8D00FF78FF9000A6E0FB7A00756D00756E000F
:108E9D00756FFF7570FF90008612EC6875840F7505
:108EAD009C0075C8FF759D0075D8FF758400C2B70D
:108EBD005344DF12D9A0C006C00775840FAFD8AEDA
:108ECD00C8758400C3EF956FEE957050048F6F8E4B
:108EDD0070C3EF956DEE956E40048F6D8E6EE92B20
:108EED00F9E83AF8C3E99DE89C4008C3E99DF9E823
:108EFD009CF800C3E99567E895684014C3E9956946
:108F0D00E8956A4027C3E9956BE8956C403A805423
:108F1D00E5512FF551E5523EF55250620553E5539B
:108F2D00705C0554E554705605558052E5562FF585
:108F3D0056E5573EF55750460558E55870400559CA
:108F4D00E559703A055A8036E55B2FF55BE55C3ED9
:108F5D00F55C502A055DE55D7024055EE55E701ECD
:108F6D00055F801AE5602FF560E5613EF561500EF5
:108F7D000562E56270080563E56370020564D290D1
:108F8D00000000000000C290D007D006DF3CDE3AA2
:108F9D00D2B743442012D9A075840F759CFF7584F8
:108FAD0000E53C14F53C6002A14178517914E612BC
:108FBD00DA2108D9F9E56D12DA21E56E12DA21E52B
:108FCD006F12DA21E57012DA2122C1C31255ACC23B
:108FDD002790009EE0600812CEA1D22712DABC5372
:108FED00443F12D9A05344F712D9A043440812D9D3
:108FFD00A0C21BC21A90008AE0B400028050125425
:10900D007B90008AE0B401022160B402022190B489
:10901D000302410AB40402410AB40502410AB40D27
:10902D00024151B40E024151B40F024151B4140228
:10903D0001CAB4150241CDB416026129B4170261FB
:10904D00EEB4180261EEB4190261EE02ECEC434489
:10905D004053447F12D9A0D29100000000000000BF
:10906D00C29120A1FDD29100000000000000C2912C
:10907D0020A1FD12512D12EC651254F1302702D2B0
:10908D00DE30CFFDC2CFD29100000000000000C243
:10909D0091DFEEDEEC20A1FDD2900000000000007B
:1090AD00C290D2A075840F759CFF758400E5507039
:1090BD000312ECE212EC6512EB5E02ECEC5345F799
:1090CD0012D9AAC2B65345CF12D9AA12DABC43445B
:1090DD004053447F12D9A0D291000000000000003F
:1090ED00C29120A1FDD29100000000000000C291AC
:1090FD0020A1FD12512D12EC651254F130CFFDC29D
:10910D00CFC2B612DB12D29100000000000000C2E7
:01911D0091C0
:10911E0020A1FDD2B612DB12D29100000000000099
:10912E0000C29120A1FDDFD3DED120A1FDD290009F
:10913E000000000000C290D2A075840F759CFF75D0
:10914E008400E550700312ECE212EC7212EB5E0238
:10915E00ECEC12EC65302702D2DE30980AC298E5AC
:10916E0099B41B0302ECEC30CFFDC2CF126EA312EA
:10917E00EACFDFE6DEE412ECE212EC6512EBD90286
:10918E00ECECC21C302702D2DE12553B3005030236
:10919E00ECEC301B23301A2074FE12DA2174FE120E
:1091AE00DA21E599C29812DA50F53212DA50F53317
:1091BE0012501712DAD4C21A12550930050302ECF6
:1091CE00EC753900753A00753B00126F3E301C0588
:1091DE00E53612DA21126F3E301C05E53712DA2120
:1091EE00D21CC3E53B13F53BE53A13F53AE53913CB
:1091FE00F539853936853A37D21B808D302702D224
:10920E00DE12553B30050302ECEC301B23301A20E6
:10921E0074FE12DA2174FE12DA21E599C29812DA7E
:10922E0050F53212DA50F53312501712DAD4C21A40
:10923E0012550930050302ECEC12E70012DB7FD267
:10924E001B80BE5345F712D9AAC2B65345CF12D9C9
:10925E00AA12DABCC21C90008AE0C3940AF012551E
:10926E003B30050302ECEC301B23301A2074FE1247
:10927E00DA2174FE12DA21E599C29812DA50F5322B
:10928E0012DA50F53312501712DAD4C21A125509E7
:10929E0030050302ECECC2B65345CF12D9AA12DB4D
:1092AE000912E70012DB7FD2B64345205345EF1279
:0B92BE00D9AA12DB0912E70012DB7FC7
:1092C900D21B809F5345F712D9AAC2B65345CF1274
:1092D900D9AA12DABC5344F712D9A043440812D9C7
:1092E900A012EC6530980AC298E599B41B0302EC08
:1092F900EC30CFFDC2CFC2B612DB12126EA312EA56
:10930900CFD2B612DB12126EA312EACFDFD6DED4A9
:10931900E550700312ECE212EC7212EBD902ECEC9C
:109329005345F712D9AAC2B65345CF12D9AA12DAB0
:10933900BCC21C12553B30050302ECEC301B233038
:109349001A2074FE12DA2174FE12DA21E599C29804
:1093590012DA50F53212DA50F53312501712DAD404
:10936900C21A12550930050302ECECC2B612DB121F
:10937900753900753A00753B00126F3E301C05E5E2
:109389005112DA21126F3E301C05E55212DA21C35F
:10939900E53B13F53BE53A13F53AE53913F539851C
:1093A9003951853A52D2B612DB12753900753A0035
:1093B900753B00126F3E301C05E55312DA21126F1E
:1093C9003E301C05E55412DA21C3E53B13F53BE5B4
:1093D9003A13F53AE53913F539853953853A54D2B3
:1093E9001CD21B613C5345F712D9AAC2B65345CFCB
:1093F90012D9AA12DABC90008AE0C39414F012556B
:109409003B30050302ECEC301B23301A2074FE12AA
:10941900DA2174FE12DA21E599C29812DA50F5328E
:1094290012DA50F53312501712DAD4C21A1255094A
:1094390030050302ECECC2B612E70012DB7FD2B6AC
:1094490012E70012DB7FD21B80B41255AC53443FA4
:0C94590012D9A0755D00755E009000083F
:10946500E0F54C90005EE0F54E9000A2E06003123E
:109475004D8512DABC124D6112DAC29000A0E0608F
:1094850018126FDB85366D85376E85366F853770BB
:1094950012756112DAD4300CE812547B90008AE020
:1094A500B40302801D12E7009000A0E0600612756B
:1094B5006112DA2112DB7F12550930050302ECEC4B
:1094C50080E3C21B755A00755B00755C00756D0005
:1094D500756E00756FFF7570FFB139B139301B0BB3
:1094E5009000A0E06005E55112DA21B139B13930BB
:1094F5001B05E55712DA21B139B139301B05E5589D
:1095050012DA21B139B139301B05E55912DA21B129
:1095150039B139855A57855B58855C599000A0E06B
:109525006005127561F551D21B12553B30050302DA
:10953500ECEC809012550930050302ECEC127053E7
:10954500E55A2536F55AE55B3537F55B5002055C7E
:10955500C3E536956FE5379570500685366F8537C7
:1095650070C3E536956DE537956E400685366D8594
:10957500376E221255AC53443F12D9A012547B903A
:10958500008CE0B400028007B40102800280111251
:10959500550930050302ECEC12E70012DB7F80EF82
:1095A5005345F712D9AA12DABC1255093005030240
:1095B500ECECD2B643453012D9AA12DB0912E7000A
:1095C50012DB7FC2B65345CF12D9AA12DB0912E7C7
:1095D5000012DB7F80D31255ACD21053443F12D911
:1095E500A0D29100000000000000C29120A1FD75ED
:0295F50036003E
:1095F700753700753800753900C20EC20F90008AA2
:10960700E0C3940A4014F094055004D20E8005F08C
:10961700D20ED20F5345F712D9AA9000A4E0F559FC
:10962700A3E0F55A9000A6E0F55BA3E0F55C900097
:10963700A8E0F55DA3E0F55E9000AAE0F55FA3E082
:10964700F5607408124BD875320085325175338036
:10965700853352124FE6900088E0F565601A900056
:10966700A0E0124BD812DADA90015EE0F532F5513C
:10967700A3E0F533F552801890009EE0124BD81204
:10968700DADA90015CE0F532F551A3E0F533F552F3
:1096970090008AE0B401028028B40202802380216E
:1096A700C3E5519402E55294805016C3E55194FEE8
:1096B700E552947F400B124D3F12DABC756600806D
:1096C70009756601124D9712DABC124DA99000A2D6
:1096D700E06003124D8512DABC124D7112DAC8121E
:1096E7004FE612DAD412DAEE12DAEE12DAEE12548A
:1096F7007B90008AE0B401028008B4020280030272
:1097070098BA5344F712D9A043440812D9A0755305
:109717000075540030980AC298E599B41B0302EC0F
:10972700ECE565700512EC51800312EC5B30CFFD60
:10973700C2CF85653675370012EACF300E34201256
:1097470026C2B64345205345EF12D9AA12DB12129F
:049757006FDBC0E024
:10975B00E537F4F537E536F404F536D0E07012054D
:10976B0037800EC2B65345CF12D9AA12DB12126F35
:10977B00DB12EACF8536558537567557007558007D
:10978B000553E553700205540553E5537002055418
:10979B00300E29200F0DD2B64345205345EF12D979
:1097AB00AA8008D2B643453012D9AA12DB09126F30
:1097BB00DB12EACF0553E55370020554E554B4FFB1
:1097CB000302984FE565603E90008CE06006DF0475
:1097DB00DE02800A12987F6003B40102E13490002C
:1097EB00D0E014F07006A3E0605A14F07565009099
:1097FB00015CE0F532F551A3E0F533F552124FE67B
:10980B0012DAD402971B90008CE06006DF04DE02B4
:10981B00800A117F6003B401030297349000D0E0FB
:10982B0014F07006A3E0601C14F075650190015EE6
:10983B00E0F532F551A3E0F533F552124FE612DAAB
:10984B00D402971B753200853251753380853352A4
:10985B00124FE6124CEF12DABC12A0A1D14912DA68
:10986B00BCAF53AE54EF60010E12EBD9746312DA36
:10987B002102ECEC71D36019B4021BC3E555955D65
:10988B00E556955EE557955FE5589560501E74015A
:10989B0022E565B400E5C3E5559559E556955AE5BE
:0198AB005765
:1098AC00955BE558955C4003740122740222C21C3E
:1098BC00E565700512EC51800312EC5B1255093012
:1098CC000503029BB1301C1AE56512DA21300E0338
:1098DC0012DB7F8561368562378563388564391282
:1098EC00DB7F300E21201213C2B64345205345EFC7
:1098FC0012D9AA12DB0912E96E800EC2B65345CFFB
:10990C0012D9AA12DB0912E7008536618537628508
:10991C00386385396485365585375685385785398A
:10992C0058300E1E200F0DD2B64345205345EF1272
:10993C00D9AA8008D2B643453012D9AA12DB091233
:10994C00E700D21CE5657002418490008CE0602039
:10995C00DF1EDE1CE56512DA21300E0312DB7F857B
:10996C00613685623785633885643912DB7F800BFD
:10997C00117F6003B4010401C861B19000B2E070C2
:10998C0006A3E07002413412A0A1124D0312DABCFE
:10999C00753200753380124FE690000EE0F532A35D
:1099AC00E0F533125011D14912DABC124D7112DAB2
:1099BC00BC9000B212EC68C21C12550930050302AF
:1099CC009BB1301C14740212DA2185613685623722
:1099DC0085633885643912DB7F12E7008536618533
:1099EC003762853863853964D21CDFCDDECB7402D7
:1099FC0012DA2185613685623785633885643912C0
:109A0C00DB7F12A0B0124D0312DABC753200753335
:109A1C0080124FE6753200753380125011D132121C
:109A2C00DABC124D7112DABC9000D0E014F0700860
:069A3C00A3E0700261B11D
:109A420014F0756500C00190009EE0F99000A0E05E
:109A5200B50104D00180157532008532517533800D
:109A6200853352124FE6E9124BD8D00190015CE0E7
:109A7200F532F551A3E0F533F552124FE612DAD47E
:109A820001BA90008CE06020DF1EDE1CE56512DA70
:109A920021300E0312DB7F8561368562378563389C
:109AA20085643912DB7F8009117F6003B4010201F2
:109AB200C89000B4E07006A3E07002616012A0A139
:109AC200124D0312DABC753200753380124FE690E4
:109AD2000012E0F532A3E0F533125011D14912DA47
:109AE200BC124D7112DABC9000B412EC68C21C12A6
:109AF2005509300503029BB1301C14740312DA219C
:109B020085613685623785633885643912DB7F1259
:109B1200E700853661853762853863853964D21CF2
:109B2200DFCDDECB740312DA21856136856237859B
:109B3200633885643912DB7F12A0B0124D0312DA4A
:109B4200BC753200753380124FE675320075338072
:109B5200125011D13212DABC124D7112DABC9000DD
:109B6200D0E014F07006A3E0604514F0756501C002
:109B7200019000A0E0F990009EE0B50104D00180C0
:109B820018753200853251753380853352124FE693
:109B920012DAD4E9124BD8D00190015EE0F532F529
:029BA20051A3CD
:109BA400E0F533F552124FE612DAD401BA753200F9
:109BB400853251753380853352124FE6124CEF12C1
:109BC400A0A1D14912DABC746312DA2102ECECC30D
:109BD400E5519402E5529480500EC3E55194FEE59C
:109BE40052947F4006740022740222740122125798
:109BF40022124FE6221255ACD21053443F12D9A080
:109C0400D29100000000000000C29120A1FD753631
:109C14000075370075380075390090000EE0F5675F
:109C2400A3E0F56875650075660012570D9000A4F1
:109C3400E0F559A3E0F55A9000A6E0F55BA3E0F542
:109C44005C9000A8E0F55DA3E0F55E9000AAE0F565
:109C54005FA3E0F560900008E0124BD87532007500
:109C64003380853352124FE6124D97124DA990005E
:109C7400A2E06003124D8512DABC124D7112DAC8EB
:109C840090000EE0F532853251A3E0F53385325170
:109C9400124FE612DAD412DAEE12DAEE12DAEE1219
:109CA400547B90008AE0B401028002A1365344F749
:109CB40012D9A043440812D9A07553007554001258
:109CC400EC6530980AC298E599B41B0302ECEC12D7
:109CD400550971F2856751856852126FDB12EACF1C
:109CE4008536558537567557007558000553E55325
:109CF40070020554117F6003B40104DFC5DEC3752F
:109D04003200853251753380853352124FE6124C3E
:019D1400EF5F
:109D150012DABC43472012D9C4D14912DABCAF5379
:109D2500AE54EF60010E12EBD9746312DA2102EC26
:109D3500EC12EC65125509300503029D6D71F28533
:109D4500675185685275380075390012E700853608
:109D55005585375685385785395812DB7F117F6011
:109D650003B40104DFCEDECC753200753380124FAB
:109D7500E6124CEF43472012D9C4D14912DABC028E
:109D8500ECEC1255AC53443F12D9A012547B12553A
:109D95000930050302ECEC12E70012DB7F80EF755A
:109DA500840F8543C8758400D29700C29722534318
:109DB500EFB1A422434310B1A42290007AE0600CD5
:109DC500434302B1A42290007AE060F45343FDB10D
:109DD500A422434308B1A45343F7B1A412DAEE43D6
:109DE5004308B1A42290007CE0B40102B1D72275EA
:109DF5003200753380124FE61251F97401124BD8B7
:109E0500124D6122124CEF900008E0124BD822430C
:109E1500480212D9CE301205740F12ADF222534802
:109E2500FD12D9CE301205741012ADF22290000841
:109E3500E0124BD8301206740E12ADF222434702DF
:109E450012D9C422301206740D12ADF2225347FD09
:109E550012D9C422229000C6E070075345BF12D91B
:109E6500AA2243454012D9AA2243450412D9AA433E
:109E7500450112D9AA43486012D9CE90000E124F5F
:109E8500C112DAB690008EE0FFA3E0FE900090E0EC
:099E95002FFFA3E03EFEEF600187
:109E9E000E8F518E529002707400F0A3F0A3F0A3B7
:109EAE00DFF8DEF69000B412ECA89000B212EC6867
:109EBE0012DAD4DFFBDEF990008E12ECB290009035
:109ECE0012EC6890015CE075840FF5C8758400D2C1
:109EDE009500C295A3E075840FF5C8758400D296DF
:109EEE0000C296C29300D29343444053447F12D98A
:109EFE00A0D29100000000000000C29120A1FDD26E
:109F0E009100000000000000C29120A1FD12512D11
:109F1E001254F130CFFDC2CFD291000000000000EC
:109F2E0000C291DDEEDCEC30CFFDC2CFD2A200003C
:109F3E00C2A230CFFDC2CFD29100000000000000BF
:109F4E00C291DFEEDEEC30CFFDC2CFD29100000029
:109F5E0000000000C29120A1FDD290000000000080
:109F6E0000C290D2B7D2A0C29075840F759CFF75B7
:109F7E00840090000E124FC1AF51AE52125181901B
:109F8E000270D290000000000000C29075840F7520
:109F9E009C0075C8FF759D0075D8FF758400C2B70B
:109FAE005344DF12D9A075840F00000000ADD8E035
:109FBE002DF0A3ACC8E03CF0A35003E004F0A37571
:109FCE008400D290000000000000C290DFD8DED6E0
:109FDE00D2B743442012D9A075840F759CFF7584A7
:109FEE0000DB04DA028002C1B8E530B42C1CAF519C
:109FFE00AE52900270E012DA21A3E012DA21A3E051
:10A00E0012DA21A3DFEFDEED8059756D00756E005B
:10A01E00756FFF7570FF90009012ECB2900270E0B9
:10A02E0012DA21A3E012DA21A3A3E0FFA3E0FEA33C
:10A03E00A3C3EF956FEE957050048F6F8E70C3EFC4
:05A04E00956DEE956E1A
:10A0530040048F6D8E6EDDDDDCDBE56D12DA21E50C
:10A063006E12DA21E56F12DA21E57012DA2190001F
:10A073000E124FC15344BF43448012D9A0C290C2B1
:10A08300CAD2B743442012D9A02290007EE06007D1
:10A0930043471012D9C4225347EF12D9C42243476E
:10A0A3002012D9C4301205740B12ADF222301206FD
:10A0B300740C12ADF2225347DF12D9C422124D7130
:10A0C300124DA9227F907E029006583098FDC298C7
:10A0D300E599F0A3DFF5DEF312DA21221255AC5332
:10A0E300443F12D9A0755800755900900012E0F54D
:10A0F30056F532A3E0F557F5331250119000821252
:10A10300ECA812547B90065885825485835590029F
:10A11300708582528583537FE87E047400F0A3DF49
:10A12300FCDEFA755100900084E0FD7FC8125509EA
:10A1330030050302ECEC12E7BA855282855383E0C3
:10A143002536F0A3E03537F0A3E03538F0A3E0354A
:10A1530039F0A3E03400F0A3858252858353C3E52D
:10A163006F9402E57094005003755101C3E56D943B
:10A17300FEE56E94FF400375510185548285558336
:10A18300E0F5D2A3E0F5D3A3858254858355DF9D03
:10A193009006588582548583559002708582528536
:06A1A3008353DD0280027F
:10A1A9008085900074E02558F558A3E03559F55994
:10A1B900900076E03556F556A3E03557F5578556A4
:10A1C90032F533125011785A7F0A7400F608DFFC11
:10A1D9007F64900270E0255AF55AA3E0355BF55B80
:10A1E900A3E0355CF55CA3E0355DF55DA3E0355E84
:10A1F900F55EA3DFE07F64E0255FF55FA3E03560EE
:10A20900F560A3E03561F561A3E03562F562A3E08D
:10A219003563F563A3DFE0785A7F0AE612DA21088D
:10A22900DFF9E55112DA2112553B30050302ECEC56
:10A23900DB05DA0302ECEC210512DAA9126FDB1255
:10A2490051B7E599C29812DA50F53212DA50F5335E
:10A2590012501712DA5060E12253443F12D9A0126A
:10A2690050E690009CE075840FF5C8758400D2957E
:10A2790000C295A3E075840FF5C8758400D29600D5
:10A28900C296C29300D293D2A20000C2A290009EAD
:10A29900E0FBFA9000A012EC688F058E0479031296
:10A2A900512D12547B30CFFDC2920000000000C234
:10A2B900CFD292DB0BD29100000000008A03C29139
:10A2C900DFE3DEE1C2938D078C068A03D293D9D5E9
:10A2D900D290000000000000C29075840F759CFFA9
:10A2E90075840074FF75840FF5C8758400D29500D4
:10A2F900C295747F75840FF5C8758400D29600C223
:10A3090096C29300D293D2A20000C2A21250C212E6
:10A31900518190008412EC68D29000000000000086
:09A32900C290DFF4DEF2756D0054
:10A33200756E00756FFF7570FF90008412EC68C235
:10A34200B75344DF12D9A0D290000000000000C22F
:10A3520090C006C00775840FAFD8AEC8758400C31D
:10A36200EF956FEE957050048F6F8E70C3EF956D01
:10A37200EE956E40048F6D8E6ED007D006DFC8DE7C
:10A38200C6D2B743442012D9A0E56D12DA21E56E98
:10A3920012DA21E56F12DA21E57012DA2102ECEC11
:10A3A20012CE9C12DABCD2DE90008EE0F5659000EF
:10A3B20090E0F566756D00756E00756FFF7570FF44
:10A3C200900260E0601B12553B30050302ECEC305A
:10A3D20087F412553B30050302ECEC2087F4D5E0FC
:10A3E200E512EC659002707400F0A3F0A3F0A3DF15
:10A3F200F8DEF612547BC2A075840F759C0075C8F6
:10A40200FF759D0075D8FF75840012EC659002708F
:10A41200D29100000000000000C291C083C08212ED
:10A422005509D082D08330050302ECECE566601258
:10A43200C394075004B1698021126EA3AD36AC37C4
:10A44200801875840F20A1FDADD8ACC8D291000050
:10A452000000000000C291758400C3ED956FEC9579
:10A462007050048D6F8C70C3ED956DEC956E400449
:10A472008D6D8C6EE02DF0A3E03CF0A35003E00460
:10A48200F0A38067C083C082125509D082D0833086
:0CA49200050302ECECE5666012C39407C1
:10A49E005004B1698021126EA3AD36AC37801875A9
:10A4AE00840F20A1FDADD8ACC8D2910000000000F1
:10A4BE000000C291758400C3ED956FEC9570500449
:10A4CE008D6F8C70C3ED956DEC956E40048D6D8C1B
:10A4DE006EE02DF0A3E03CF0A35003E004F0A3DF08
:10A4EE0014DE129000D0E014F0700CA3E0600A1499
:10A4FE00F080048004811D61F812CE9C900270756C
:10A50E006504C082C08390008412EC68D083D08230
:10A51E00780079007A007B00E0A328F8E0A339F9EF
:10A52E00E0A33AFA50010BDFEFDEEDE812DA21E993
:10A53E0012DA21EA12DA21EB12DA21D565C4E56DC1
:10A54E0012DA21E56E12DA21E56F12DA21E57012C8
:10A55E00DA219000967401F002ECECC083C082C048
:10A56E0007D29100000000000000C2917D007C0027
:10A57E007B0090008EE0FF75840F20A1FD12DB3B67
:10A58E00E5D82DFDE5C83CFC50010BD29100000032
:10A59E0000000000C291DFE2758400900090E0FFA1
:10A5AE00C3EB13FBEC13FCED13FDDFF4D007D082ED
:03A5BE00D0832225
:10A5C10043444053447F12D9A0900090E0F53C757C
:10A5D100510075520075530075540075550075563C
:10A5E10000755700755800755900755A00755B0064
:10A5F100755C00755D00755E00755F0075600075C6
:10A6010061007562007563007564007A007B0078F3
:10A61100FF79FF1250E6D29100000000000000C255
:10A621009120A1FDD29100000000000000C2912004
:10A63100A1FD12547B75840F759C0075C8FF759D33
:10A641000075D8FF758400C2A07F007E04D29100FE
:10A65100000000000000C29112550930050302EC10
:10A66100ECD29200000000000000C292E53C6017AD
:10A67100C39407500912A8F5AD36AC378023126E8A
:10A68100A3AD36AC37801A75840F20A1FDE5D8FD46
:10A69100E5C8FCD29100000000000000C291758461
:10A6A10000C3ED98EC995004A805A904C3ED9AECF8
:10A6B1009B4004AA05AB04E5512DF551E5523CF54B
:10A6C10052500E0553E55370080554E554700205C8
:10A6D10055DF85DE837F007E0412550930050302B4
:10A6E100ECECD29200000000000000C292E53C6058
:10A6F10017C39407500912A8F5AD36AC3780231261
:10A701006EA3AD36AC37801A75840F20A1FDE5D854
:10A71100FDE5C8FCD29100000000000000C2917567
:10A721008400C3ED98EC995004A805A904C3ED9ADF
:10A73100EC9B4004AA05AB04E5562DF556E5573CC4
:0CA74100F557500E0558E55870080559F2
:10A74D00E5597002055ADF85DE837F007E041255C0
:10A75D000930050302ECECD292000000000000006D
:10A76D00C292E53C6017C39407500912A8F5AD36A7
:10A77D00AC378023126EA3AD36AC37801A75840FBB
:10A78D0020A1FDE5D8FDE5C8FCD291000000000038
:10A79D000000C291758400C3ED98EC995004A80592
:10A7AD00A904C3ED9AEC9B4004AA05AB04E55B2D0F
:10A7BD00F55BE55C3CF55C500E055DE55D700805EF
:10A7CD005EE55E7002055FDF85DE837F007E04122D
:10A7DD00550930050302ECECD29200000000000098
:10A7ED0000C292E53C6017C39407500912A8F5AD5D
:10A7FD0036AC378023126EA3AD36AC37801A758414
:10A80D000F20A1FDE5D8FDE5C8FCD29100000000A8
:10A81D00000000C291758400C3ED98EC995004A816
:10A82D0005A904C3ED9AEC9B4004AA05AB04E560B1
:10A83D002DF560E5613CF561500E0562E56270082D
:10A84D000563E56370020564DF85DE83C29300D284
:10A85D0093D2A20000C2A29000D0E014F07009A320
:10A86D00E0600814F002A64A02A64AE55112DA2168
:10A87D00E55212DA21E55312DA21E55412DA21E517
:0EA88D005512DA21E55612DA21E55712DA21CA
:10A89B00E55812DA21E55912DA21E55A12DA21E5E7
:10A8AB005B12DA21E55C12DA21E55D12DA21E55E55
:10A8BB0012DA21E55F12DA21E56012DA21E5611285
:10A8CB00DA21E56212DA21E56312DA21E56412DAA4
:10A8DB0021EA12DA21EB12DA21E812DA21E912DA93
:10A8EB00219000967401F002ECECC083C082C0078B
:10A8FB00D29100000000000000C2917D007C007B23
:10A90B000090008EE0FF75840F20A1FD12DB3BE56C
:10A91B00D82DFDE5C83CFC50010BD2910000000086
:10A92B00000000C291DFE2758400900090E0FFC34D
:10A93B00EB13FBEC13FCED13FDDFF48D368C37D0F2
:10A94B0007D082D0832253443F12D9A01250E690F5
:10A95B00009CE075840FF5C8758400D29500C295F4
:10A96B00A3E075840FF5C8758400D29600C296C219
:10A97B009300D293D2A20000C2A278517914760030
:10A98B0008D9FB756D00756E00756FFF7570FF1242
:10A99B00547B9000D0E0FCA3E0FBEC60010B90003B
:10A9AB009E12EC688F678E68753B009000A6E0FAEC
:10A9BB00D29200000000000000C29212550930052F
:10A9CB000302ECECDAEA900090E0703975840F75B5
:10A9DB009C0075C8FF759D0075D8FF758400C2A0DB
:10A9EB00D29100000000000000C29120A1FD7584EF
:10A9FB000FA8D8A9C8758400D2A075840F759CFFC9
:10AA0B007584008007126D53A836A937C3E8956F7C
:0BAA1B00E995705004886F8970C3E853
:10AA2600956DE9956E4004886D896EE53B60081466
:10AA3600602114603A8054E55128F551E55239F504
:10AA46005250620553E553705C0554E55470560543
:10AA5600558052E55628F556E55739F557504605BF
:10AA660058E55870400559E559703A055A8036E55B
:10AA76005B28F55BE55C39F55C502A055DE55D70A4
:10AA860024055EE55E701E055F801AE56028F560A8
:10AA9600E56139F561500E0562E56270080563E50A
:10AAA6006370020564DF21DE1FAF67AE68053BE514
:10AAB6003BB40414753B00C29300D293D2A20000AB
:10AAC600C2A2DC04DB02800221B6C2CA74FF75840E
:10AAD6000FF5C8758400D29500C295747F75840FF2
:10AAE600F5C8758400D29600C296C29300D293D25E
:10AAF600A20000C2A21250C278517914E612DA21DD
:10AB060008D9F9E56D12DA21E56E12DA21E56F1240
:10AB1600DA21E57012DA21D2A075840F759CFF75D3
:10AB2600840002ECEC53443F12D9A07F007E1090C3
:10AB360002707400F0A3DFFCDEFA90008612ECB21D
:10AB460030980AC298E599B41B0302ECEC1250E661
:10AB560090009CE075840FF5C8758400D29500C2FC
:10AB660095A3E075840FF5C8758400D29600C29649
:10AB7600C29300D293D2A20000C2A212512D125447
:10AB86007B90009EE0FBFA9000D012EC9E9000A015
:10AB960012EC688F658E66900090E0703130CFFDC4
:07ABA600C292000000000054
:10ABAD00C2CFD292DB0BD29100000000008A03C20B
:10ABBD0091DFE3DEE1C2938565078566068A03D2E0
:10ABCD0093D9D3D8D1802C30CFFDC2920000000094
:10ABDD0000C2CFD292DB08126D5312EACF8A03DF87
:10ABED00E6DEE4C2938565078566068A03D293D9AE
:10ABFD00D6D8D475840F759CFF758400D290000053
:10AC0D0000000000C29074FF75840FF5C8758400B4
:10AC1D00D29500C295747F75840FF5C8758400D2E6
:10AC2D009600C296C29300D293D2A20000C2A21285
:10AC3D0050C212518190008412EC68D29000000035
:10AC4D00000000C290DFF4DEF290008212ECA875D5
:10AC5D00840F759C0075C8FF759D0075D8FF7584B0
:10AC6D0000C2B75344DF12D9A090008412EC689053
:10AC7D000270C006C00775840FAFD8AEC8758400CA
:10AC8D00E02FF0A3E03EF0A3500BE004F0A370061C
:10AC9D00E004F08001A3A3D290000000000000C2E8
:10ACAD0090D007D006DFCBDEC9DBBEDABCD2B7430E
:10ACBD00442012D9A075840F759CFF758400DD2684
:10ACCD00DC2490008412EC68900270E012DA21A36B
:10ACDD00E012DA21A3E012DA21A3E012DA21A3DFD8
:10ACED00EADEE802ECEC614690001AE0F532A3E0F2
:10ACFD00F53312501D22222212040022904000C072
:10AD0D00077F08E49312DA21A3DFF875B13390FBC6
:10AD1D00FEE49354016401FFE4A39375B111540152
:0EAD2D006401FEEF12DA21EE12DA21D00722C5
:10AD3B00B158B40006740012DA2122B40106740370
:10AD4B0012DA2122B40305740212DA2122E55060D3
:10AD5B000122C212C213E543C0E05343BF129DA4AC
:10AD6B0012DB1B75840FD0E020FC35C0E07584002E
:10AD7B00434340129DA412DB1B75840FD0E030FCC3
:10AD8B001F7584007401B1F2B1B9B450087550014C
:10AD9B007401D21222B4C80D7550037403D213225E
:10ADAB00F543129DA4758400755000740022C007F2
:10ADBB00C0067F0812DAEED375840F20FB01C37532
:10ADCB008400EE33FE5343DF129DA412DB1B75840C
:10ADDB000F30FDFD758400434320129DA412DB1B35
:10ADEB00DFD2D006D00722C007C006C005AD43FE98
:10ADFB007F08EE33FE500543430180035343FE129D
:10AE0B009DA412DB1B5343DF129DA412DB1B758425
:10AE1B000F20FDFD758400434320129DA412DB1B04
:10AE2B0075840F30FDFD758400DFC78D43129DA423
:10AE3B00D005D006D007227402B1F29000B0E060CA
:10AE4B00067405B1F280047404B1F29000AEE070A8
:10AE5B00057406B1F222B401057407B1F222B402F3
:10AE6B00047408B1F2227403B1F27404B1F27406E3
:0EAE7B00B1F222C007C006FED1B0D1D8F11A44
:10AE8900500AD1E2D1BAD006D007D3227F08EE33D7
:10AE9900FED1C45002D1CED1BAD1B0DFF1D1E2D1C5
:10AEA900BAD006D007C3225343DF129DA412DB1B7D
:10AEB90022434320129DA412DB1B225343FE129D01
:10AEC900A412DB1B22434301129DA412DB1B225354
:10AED90043BF129DA412DB1B22434340129DA412BF
:10AEE900DB1B22C007C006F1487E00D1B0D1D87F54
:10AEF90008D1BAD1B075840F20FD03C38001D3EE08
:10AF090033FE758400DFEAD1E2D1BAEED006D0076C
:10AF190022C000C001C0027AFF79FF780875840F4A
:10AF290030FD11758400DAF5D9F3D8F1D002D001DA
:10AF3900D000D322758400D002D001D000C322C032
:10AF490000C001C0027AFF79FF789675840F30FD41
:10AF590011758400DAF5D9F3D8F1D002D001D00007
:10AF6900D322758400D002D001D000C3227401120B
:10AF79004BD890008AE06012124D619000E0128374
:10AF8900A612550930050302B01390008CE0602425
:10AF9900124CEF12DAC8753200753380124FE69001
:10AFA9000084E0124BD8129E3912DAD4124D611284
:10AFB900DAC8800990008AE07003124D6190008E12
:10AFC900E0FFA3E0FEA3E0FDA3E0FC12ECBC9001CE
:10AFD9005C1251FC9000E81283A612550930050352
:10AFE90002B013DF08DE06DD04DC02801D90015E7D
:10AFF9001251FC9000F01283A61255093005030284
:10B00900B013DFCADEC8DDC6DCC4C2AFC2CA124C87
:10B01900EF129E49229000ACE012DA21A3E012DA85
:10B0290021221255AC90008CE060115345F712D9DA
:10B03900AAC2B65345CF12D9AA12DABC53443F1259
:10B04900D9A090017AE0601E9000E01283A69000DA
:10B059008AE06003124D0390015C124FC112550939
:10B0690030050302ECEC9000E81283A690015E1211
:10B079004FC190008AE06003124D711255093005E5
:10B089000302ECEC90008CE0B4011FD2B612DB1283
:10B0990090017E12E88C8536518537528538538563
:10B0A9003954853A55C2B612DB12125509300503D7
:10B0B90002ECEC90008CE0B4022190017EE0F536C0
:10B0C900A3E0F537A3E0F53890008EE536F0A3E567
:10B0D90037F0A3E538F012DD49800690017E12E8C9
:10B0E9008C12550930050302ECEC9000F01283A68E
:10B0F900900160124FC190008CE0B400051251DA42
:10B1090080151251DA855136855237855338855461
:10B119003985553A1251DA12550930050302ECEC1A
:0FB1290090008CE0B4011FD2B612DB12900182AD
:10B1380012E88C85365185375285385385395485C0
:10B148003A55C2B612DB1212550930050302ECEC6F
:10B1580090008CE0B40221900182E0F536A3E0F57E
:10B1680037A3E0F53890008EE536F0A3E537F0A375
:10B17800E538F012DD49800690018212E88C1255FC
:10B188000930050302ECEC90017AE060389000E0A9
:10B198001283A690008AE06003124D0390015C12AE
:10B1A8004FC190008CE0B400051251DA801512519D
:10B1B800DA85513685523785533885543985553A5D
:10B1C8001251DA01669000E81283A690015E124FD0
:10B1D800C190008CE0B400051251DA80151251DAE2
:10B1E80085513685523785533885543985553A12F5
:10B1F80051DA01841255AC53443F12D9A090017A18
:10B20800E0601E9000E01283A690008AE0600312BE
:10B218004D0390015C124FC112550930050302EC31
:10B22800EC9000E81283A690015E124FC190008A4C
:10B23800E06003124D7112550930050302ECEC125F
:10B24800550930050302ECEC90017E12E88C12558A
:10B258000930050302ECEC9000F01283A69001601F
:10B26800124FC11251DA12550930050302ECEC12E3
:10B27800550930050302ECEC90018212E88C125556
:10B288000930050302ECEC900186E0601A9000F8A2
:10B298001283A690008CE06003124D0390015612B1
:10B2A8004FC11251DA80119001001283A690015803
:08B2B800124FC11251DA801E91
:10B2C00012550930050302ECEC9001001283A690A0
:10B2D0000158124FC190008CE06003124D7112555D
:10B2E0000930050302ECEC12550930050302ECECC1
:10B2F00090018A12E88C12550930050302ECEC909B
:10B3000001081283A690015A124FC11251DA125548
:10B310000930050302ECEC12550930050302ECEC90
:10B3200090018E12E88C12550930050302ECEC9066
:10B33000017AE0601A9000E01283A690008AE06033
:10B3400003124D0390015C124FC11251DA4120905B
:10B3500000E81283A690015E124FC11251DA413EFD
:10B360001255AC90008CE06015D2155345F712D9F8
:10B37000AAC2B65345CF12D9AA12DABC8002C215AE
:10B3800053443F12D9A07D007C00900160E0FBA3F4
:10B39000E0FA90017AE0601E9000E01283A690002F
:10B3A0008AE06003124D0390015C124FC1125509EF
:10B3B00030050302ECEC90017EE0601E9000E81284
:10B3C00083A690015E124FC190008AE06003124D87
:10B3D0007112550930050302ECEC9000F01283A6BF
:10B3E0009001561282B6124FE690017AE0600F90FB
:10B3F000017EE0600990008AE06003124D711255F1
:10B400000930050302ECEC12550930050302ECEC9F
:10B4100020150890018212E88C802BC2B612DB1234
:10B4200090018212E88C90008CE0601A85365B8572
:10B43000375C85385D85395E853A5FD2B612DB129E
:10B4400090018212E88C12550930050302ECEC9051
:03B45000017AE09E
:10B45300602F9000E01283A690008AE06003124DF3
:10B463000390015C124FC11251DA301512855B361D
:10B47300855C37855D38855E39855F3A1251DA61BF
:10B48300AD90017EE070051251DA61DA9000E812A6
:10B4930083A690015E124FC11251DA301512855BFB
:10B4A30036855C37855D38855E39855F3A1251DABA
:10B4B30061D153443F12D9A0756D00756E00756F4D
:10B4C300FF7570FF753600753700753800753900E4
:10B4D3009001DEE0F551A3E0F5529001C6E0F5538B
:10B4E300A3E0F55475550075560090020CE0F53253
:10B4F300F557A3E0F533F558124FE69000E01283B9
:10B50300A612550930050302ECEC9000E81283A65D
:10B513009001F412EC6812550930050302ECECD2E9
:10B523009100000000000000C291C007C0067584AE
:10B533000F759C0075C8FF759D0075D8FF75840055
:10B54300C2A075840F20A1FDE5D8FF2536F536E5A9
:10B55300C8D2A0759CFF758400FE3537F5375008B7
:10B563000538E53870020539C3EF956FEE957050D5
:10B57300048F6F8E70C3EF956DEE956E40048F6DE3
:10B583008E6ED006D007DF8EDE8C9001F612EC684B
:10B5930012550930050302ECECD2910000000000C3
:10B5A3000000C291E5552551F555E5563552F5563E
:10B5B300E5573553F557F532E5583554F558F53316
:10B5C300124FE6C007C00675840F759C0075C8FF4F
:10B5D300759D0075D8FF758400C2A075840F20A1E6
:01B5E300FD6A
:10B5E400E5D8FF2536F536E5C8D2A0759CFF7584ED
:10B5F40000FE3537F53750080538E538700205394F
:10B60400C3EF956FEE957050048F6F8E70C3EF95F6
:10B614006DEE956E40048F6D8E6ED006D007DF04FC
:10B62400DE028002A1939001E0E0F551A3E0F5521F
:10B634009001C8E0F553A3E0F5549001F812EC68CA
:10B6440012550930050302ECECD291000000000011
:10B654000000C291E5552551F555E5563552F5568C
:10B66400E5573553F557F532E5583554F558F53364
:10B67400124FE6C007C00675840F759C0075C8FF9D
:10B68400759D0075D8FF758400C2A075840F20A134
:10B69400FDE5D8FF2536F536E5C8D2A0759CFF75C3
:10B6A4008400FE3537F53750080538E53870020553
:10B6B40039C3EF956FEE957050048F6F8E70C3EFA2
:10B6C400956DEE956E40048F6D8E6ED006D007DFBB
:10B6D40004DE028002C1449001FA12EC681255099A
:10B6E40030050302ECECD29100000000000000C21F
:10B6F40091C007C00675840F759C0075C8FF759DC1
:10B704000075D8FF758400C2A075840F20A1FDE5E3
:10B71400D8FF2536F536E5C8FE3537F537D2A0759E
:10B724009CFF75840050080538E53870020539C35C
:0AB73400EF956FEE957050048F6FD3
:10B73E008E70C3EF956DEE956E40048F6D8E6ED04C
:10B74E0006D007DF8EDE8C9000F81283A6900212D0
:10B75E00124FC1E56D12DA21E56E12DA21E56F1294
:10B76E00DA21E57012DA2112550930050302ECECEC
:10B77E009001001283A6900214124FC11251D212E0
:10B78E00550930050302ECEC9001081283A69002D5
:10B79E0016124FC112550930050302ECEC81BB1293
:10B7AE0055AC53443F12D9A090015EE0F55DA3E085
:10B7BE00F55E755B00755C00900160E0F561A3E0DD
:10B7CE00F562755F0075600012570D9000E01283F0
:10B7DE00A690008CE06003124D0390015C124FC1E5
:10B7EE0012550930050302ECEC9000E81283A6E531
:10B7FE005B2569F55BE55C356AF55CE55D356BF5FA
:10B80E005DE55E356CF55E855D32855E33124FE625
:10B81E0090008CE06003124D711255093005030241
:10B82E00ECEC9000F81283A612E7001255093005D1
:10B83E000302ECEC9000F01283A6E55F2569F55F3C
:10B84E00E560356AF560E561356BF561E562356C8D
:10B85E00F562856132856233124FE612DB7F125537
:10B86E000930050302ECEC9000F81283A612E700F3
:10B87E00129DEA12550930050302ECEC9000E0121D
:10B88E0083A690008CE06003124D0390015C124F72
:10B89E00C112DB7F02B7EE7401124BD890015CE04F
:06B8AE00F555A3E0F5567C
:10B8B40090015EE0F557A3E0F55890008EE0FFA3F9
:10B8C400E0FE900090E0FDA3E0FC90008CE0FBA380
:10B8D400E0FA311F310B12547B124D6112550930BD
:10B8E400050302B905311512550930050302B905DE
:10B8F400310BDFE8DEE6DDE4DCE2DBE0DADE12DA9F
:10B9040021124CEF02ECEC855532855633124FE68A
:10B9140022855732855833124FE622EF60110EEE1E
:10B92400700D0DED70090CEC70050BEB70010AEE57
:10B93400600D0DED70090CEC70050BEB70010AED58
:10B9440060090CEC70050BEB70010AEC60050BEB65
:10B9540070010AEB60010A229000C0E0B4001043B9
:10B96400450112D9AA5348BF43482012D9CE22B464
:10B97400010D43450112D9AA43486012D9CE22B41D
:10B98400020D43450112D9AA53489F12D9CE22B4BD
:10B9940003105345FE12D9AA5348BF43482012D975
:10B9A400CE22B4040D5345FE12D9AA43486012D9DD
:10B9B400CE225345FE12D9AA53489F12D9CE2290C3
:10B9C400008AE0B4000B7400300002740112DA2122
:10B9D40022B40803D20022C20022C220900144E013
:10B9E4006002D22090008AE0B4010E5345F712D9C8
:10B9F400AAC2B65345CF12D9AA12DA50F559B41BCC
:0FBA04000302ECECB4012690004812DA50F0A3D4
:10BA130012DA50F0A312DA50F0A312DA50F07530B4
:10BA23008575310612D927504A12DAD480F62020C0
:10BA33000F12DA50F53212DA50F5331250AF803369
:10BA43009002487403F090024A7403F090024C127F
:10BA5300DA50F0A312DA50F090024E12DA50F0A34B
:10BA630012DA50F090025012DA50F0A312DA50F0CA
:10BA730012CD7C90008AE0B4000812E7BA1251D2CA
:10BA8300801C12E7BAD2B65345CF12D9AA1251D2AB
:10BA930012E7BAC2B65345CF12D9AA1251D29000B7
:10BAA3008CE06005918212DA21E559B401107584A6
:10BAB300013098FDE599C29875840012DA2121FDC1
:10BAC300C220900144E06002D220900140E0B40023
:10BAD3000312547B900140E0B40012D221753085EB
:10BAE30075310612D927504A12DAD480F6B40142CE
:10BAF300900148E0F55CA3E0F55D900024E0F55E7D
:10BB0300A3E0F55F755A00755B0012570D302018DE
:10BB1300C007C00690009CE0FFA3E0FE900250EF38
:10BB2300F0A3EEF0D006D007900142E0F55171D6B4
:10BB3300800090008AE0B4010E5345F712D9AAC2DF
:10BB4300B65345CF12D9AA12EC65900140E0B40078
:10BB53000912550930050B02BBD312553B300502C0
:10BB6300806E90008AE0B4000812E7BA1251D280C6
:01BB73001CB5
:10BB740012E7BAD2B65345CF12D9AA1251D212E75C
:10BB8400BAC2B65345CF12D9AA1251D2900140E09D
:10BB9400B400028017B4010471D680107530857525
:10BBA400310612D927500512DAD480F690008CE0C1
:10BBB40060029182900140E0B4020312DA96DF0D34
:10BBC400DE0B302107741B12DA58C22122614D02A8
:10BBD400ECEC202032E55C2569F55CE55D356AF521
:10BBE4005DE55E356BF55EE55F356CF55F855E3270
:10BBF400855F33E551B4000412508922B401041264
:10BC0400509C221250AF22C0007800C3E56C94808F
:10BC1400400278FFE55A2569F55AE55B356AF55B1C
:10BC2400E55C356BF55CE55D356CF55DE55E38F539
:10BC34005EE55F38F55FD000855E32855F33900244
:10BC44004CE55CF0A3E55DF090024EE55EF0A3E503
:10BC54005FF090024A7403F0E551B4000A90024880
:10BC64007401F012CD7C22B4010A9002487402F0EF
:10BC740012CD7C229002487403F012CD7C229001F4
:10BC84005C124FC19000E01283A6125509300503DF
:10BC940002BCC290015E124FC19000E81283A6124A
:10BCA400550930050302BCC290000E124FC190002A
:10BCB400F01283A612550930050302ECEC22900021
:0DBCC4000E124FC102ECEC90009CE0FFA3BB
:10BCD100E0FE900250EFF0A3EEF0900148E0F55C39
:10BCE100A3E0F55D900024E0F55EA3E0F55F755AF1
:10BCF10000755B0012570D900142E0F55112EC65A1
:10BD0100910B12DACEDFF9DEF712DAB612DA21225E
:10BD11007F0A75308575310612D927500B12DAD496
:10BD2100DFF0740212DA2122126FDBC3E53794834C
:10BD3100501BC3E537947C40147584011098057538
:10BD4100840080E4758400740112DA2122741B12CC
:10BD5100DA58740012DA2122C220900144E0600214
:10BD6100D220900148E0F55CA3E0F55D900024E06D
:10BD7100F55EA3E0F55F755A00755B0012570D90F3
:10BD81000142E0F55190008AE0B4010E5345F712EB
:10BD9100D9AAC2B65345CF12D9AA12EC6512DA500C
:10BDA100B41B0302ECECB4130512555D80AAB40078
:10BDB1002F90015C124FC190015E12500A9000E079
:10BDC1001283A6302018C007C00690009CE0FFA394
:10BDD100E0FE900250EFF0A3EEF0D006D007802DE8
:10BDE100900156124FC190015812500A9000E8126A
:10BDF10083A6302018C007C00690009EE0FFA3E094
:10BE0100FE900250EFF0A3EEF0D006D00790014073
:10BE1100E0B4001DC006C00775308575310612D922
:10BE210027500512DAD480F612DA96D007D00680B0
:10BE31000271D612550990008AE0B40008126FDB36
:10BE41001251B78022C2B65345CF12D9AA12DB12C2
:10BE5100126FDB1251B7D2B65345CF12D9AA12DBFA
:10BE610012126FDB1251B7DF05DE0302ECECA19E6B
:10BE71001255AC53443F12D9A05344F712D9A043F1
:10BE8100440812D9A09000AAE060115345F712D9D5
:10BE9100AAC2B65345CF12D9AA12DABC900224E045
:10BEA100604090020CE0F551A3E0F5529001C4E02E
:10BEB10090008AF09001DCE090008EF09001DDE0CE
:10BEC10090008FF09001F4E0F557A3E0F55890024F
:10BED1003CE0F5599000E01283A612C2B57003024E
:10BEE100C1B3900226E0603A90020EE0F551A3E062
:10BEF100F5529001C6E090008AF09001DEE09000DA
:10BF01008EF09001DFE090008FF09001F6E0F557A0
:10BF1100A3E0F5589000E81283A612C7A9700302A6
:10BF2100C1B7900228E06040900210E0F551A3E013
:10BF3100F5529001C8E090008AF09001E0E0900095
:10BF41008EF09001E1E090008FF09001F8E0F5575C
:10BF5100A3E0F55890023EE0F5599000F01283A657
:10BF610012C2B5700302C1BB90022AE0603A90028E
:02BF710012E0DC
:10BF7300F551A3E0F5529001CAE090008AF09001D8
:10BF8300E2E090008EF09001E3E090008FF09001EA
:10BF9300FAE0F557A3E0F5589000F81283A612C70C
:10BFA300A9700302C1BF90022CE06040900214E02C
:10BFB300F551A3E0F5529001CCE090008AF0900196
:10BFC300E4E090008EF09001E5E090008FF09001A6
:10BFD300FCE0F557A3E0F558900240E0F5599001D5
:10BFE300001283A612C2B5700302C1C390022EE0F1
:10BFF3006038900216E0F551A3E0F5529001CEE0CF
:10C0030090008AF09001E6E090008EF09001E7E066
:10C0130090008FF09001FEE0F557A3E0F5589001F2
:10C02300081283A6F1A9700221C7900230E0603E96
:10C03300900218E0F551A3E0F5529001D0E0900092
:10C043008AF09001E8E090008EF09001E9E0900022
:10C053008FF0900200E0F557A3E0F558900242E01C
:10C06300F5599001101283A651B5700221CB9002AD
:10C0730032E0603890021AE0F551A3E0F5529001E6
:10C08300D2E090008AF09001EAE090008EF09001F7
:06C09300EBE090008FF0CD
:10C09900900202E0F557A3E0F5589001181283A623
:10C0A900F1A9700221CF900234E0603E90021CE0B9
:10C0B900F551A3E0F5529001D4E090008AF0900187
:10C0C900ECE090008EF09001EDE090008FF090028E
:10C0D90004E0F557A3E0F558900244E0F5599001C2
:10C0E900201283A651B5700221D3900236E0603840
:10C0F90090021EE0F551A3E0F5529001D6E09000C0
:10C109008AF09001EEE090008EF09001EFE090004F
:10C119008FF0900206E0F557A3E0F5589001281238
:10C1290083A6F1A9700221D7900238E0603E9002FF
:10C1390020E0F551A3E0F5529001D8E090008AF093
:10C149009001F0E090008EF09001F1E090008FF006
:10C15900900208E0F557A3E0F558900246E0F5593A
:10C169009001301283A651B57002806690023AE0C0
:10C179006068900222E0F551A3E0F5529001DAE0FF
:10C1890090008AF09001F2E090008EF09001F3E0C7
:10C1990090008FF090020AE0F557A3E0F55890015E
:10C1A900381283A6F1A97032802C9001C4F0900155
:05C1B900C6F09001C872
:10C1BE00F09001CAF09001CCF09001CEF09001D039
:10C1CE00F09001D2F09001D4F09001D6F09001D809
:10C1DE00F09001DAF012ECE212DAA412DAA412DA1A
:10C1EE00A41251819001C4E0B401099001F412EC43
:10C1FE006812EBDC9001C6E0B401099001F612EC76
:10C20E006812EBDC9001C8E0B401099001F812EC61
:10C21E006812EBDC9001CAE0B401099001FA12EC4D
:10C22E006812EBDC9001CCE0B401099001FC12EC39
:10C23E006812EBDC9001CEE0B401099001FE12EC25
:10C24E006812EBDC9001D0E0B4010990020012EC10
:10C25E006812EBDC9001D2E0B4010990020212ECFC
:10C26E006812EBDC9001D4E0B4010990020412ECE8
:10C27E006812EBDC9001D6E0B4010990020612ECD4
:10C28E006812EBDC9001D8E0B4010990020812ECC0
:10C29E006812EBDC9001DAE0B4010990020A12ECAC
:10C2AE006812EBDC02ECEC90008AE0C3940A4003C7
:10C2BE00F0A1D990008CE0F55EE5596004D294802F
:10C2CE0002C294855132855233124FE6AF57AE58A3
:10C2DE00EF60010E90008AE0B401028007B4020202
:10C2EE00617681A2900084E0F55CFA90008EE0F514
:10C2FE005D753800753900753A007B08E55EB4054A
:10C30E00027B0430CFFDC2CFE55D1270CBD292001E
:10C31E00000000000000C292DBE930CFFDC2CF7BEF
:01C32E00030B
:10C32F00E55EB405027B02E53A13F53AE53913F5FC
:10C33F0039E53813F538DBEFD2920000000000002A
:10C34F0000C29230CFFDC2CFDA0BAA5C853836859A
:10C35F00393712EACFD29200000000000000C292DB
:10C36F00DF8EDE8C740122C21C90008EE0F55D1210
:10C37F00553B30050302C5D685385F853960753862
:10C38F0000753900753A00E55EB40A13125526E5BB
:10C39F005D1270CBD29200000000000000C292121A
:10C3AF005526E55D1270CBD2920000000000000010
:10C3BF00C292E55EB40A13125526E55D1270CBD218
:10C3CF009200000000000000C292125526E55D1297
:10C3DF0070CB301C05E55F12DA21D292000000000D
:10C3EF00000000C292E55EB40A13125526E55D12F5
:10C3FF0070CBD29200000000000000C292125526AE
:10C40F00E55D1270CBD29200000000000000C292D6
:10C41F00E55EB40A13125526E55D1270CBD2920079
:10C42F00000000000000C292125526E55D1270CB8D
:10C43F00301C05E56012DA21D292000000000000E6
:10C44F0000C292E55EB40A0E125526D29200000089
:10C45F0000000000C292125526D292000000000088
:10C46F000000C2927B03E55EB405027B02E53A133E
:10C47F00F53AE53913F539E53813F538DBEFD21C0A
:10C48F00DF0FDE0DE55F12DA21E56012DA217401AC
:10C49F0022617EC21CD29100000000000000C291F8
:10C4AF0020A1FD12553B30050302C5D685365F85A9
:10C4BF003760853861853962753600753700753894
:10C4CF0000753900E55EB40A1112552612E430D218
:10C4DF009200000000000000C29212552612E430B4
:10C4EF00301C05E55F12DA21D29200000000000037
:10C4FF0000C292E55EB40A1112552612E430D292B0
:10C50F0000000000000000C29212552612E43030E5
:10C51F001C05E56012DA21D2920000000000000035
:02C52F00C292B6
:10C53100E55EB40A1112552612E430D292000000D1
:10C5410000000000C29212552612E430301C05E5AD
:10C551006112DA21D29200000000000000C292E5CF
:10C561005EB40A1112552612E430D2920000000086
:10C57100000000C29212552612E430301C05E5621B
:10C5810012DA21D29200000000000000C292E55EA2
:10C59100B40A1112552612E430D2920000000000B4
:10C5A1000000C29212552612E430D292000000001F
:10C5B100000000C292D21C301903125583DF14DE31
:10C5C10012855F368560378561388562391251D2AF
:10C5D10074012281B274002290008CE0F55EE5596D
:10C5E1006004D2948002C294855132855233124F35
:10C5F100E6AF57AE58EF60010EC21CD291000000A9
:10C6010000000000C29120A1FD12553B300503023C
:10C61100C5D6C2B65345CF12D9AA12DB1285365FF1
:10C6210085376085386185396275360075370075E3
:10C63100380075390012552612E430301C05E55FCB
:10C6410012DA21E55EB40A0BD2920000000000006C
:10C6510000C29212552612E430301C05E56012DA50
:10C6610021D29200000000000000C2921255261251
:10C67100E430301C05E56112DA21E55EB40A0BD223
:10C681009200000000000000C29212552612E43010
:10C69100301C05E56212DA21D29200000000000090
:10C6A10000C29212552612E430D21CD2B643452064
:10C6B1005345EF12D9AA12DB1285365F85376085A3
:10C6C10038618539627536007537007538007539FE
:10C6D10000E55EB40A0BD29200000000000000C227
:10C6E1009212552612E430E55F12DA21D29200004F
:10C6F1000000000000C29212552612E430E56012DB
:10C70100DA21E55EB40A0BD29200000000000000BD
:10C71100C29212552612E430E56112DA21D292005A
:10C72100000000000000C29212552612E430E562BA
:10C7310012DA21E55EB40A0BD2920000000000007B
:10C7410000C29212552612E430D29200000000007D
:09C751000000C292D21C30190351
:10C75A00125583DF08DE061251D2740122C10A750E
:10C76A003200753380124FE6E561124BD812DABCFB
:10C77A00855132855233124FE612DAEE12DAEE1290
:10C78A00DAEE12DAEE12DAEE12DAEE12DAEE12DA83
:10C79A00EE12DAEE12DAEE12DAEE12DAEE801E900B
:10C7AA00008AE0C3940A4003F080558551328552CD
:10C7BA0033124FE612DAEE12DAEE12DAEEAF57AEB3
:10C7CA0058EF60010E90008AE0B401028002801ADC
:10C7DA0012550975840F900090E01270D475840088
:10C7EA0012EACFDFEBDEE9740122125509300503A4
:10C7FA0002C5D612E70012DB7FDFEFDEED740122FD
:10C80A00855132855233124FE612DAEE12DAEE12FF
:10C81A00DAEEAF57AE58EF60010E5345F712D9AAB8
:10C82A00C2B65345CF12D9AA12550930050302C51B
:10C83A00D6C2B65345CF12D9AA12DB1212E700129A
:10C84A00DB7FD2B64345205345EF12D9AA12DB1239
:10C85A0012E70012DB7FDFD0DECE7401221255AC64
:10C86A005344F712D9A043440812D9A012547B901A
:10C87A0000D012ECB2C004C005900224E0601B9004
:10C88A00020CE0F551A3E0F5529001F4E0F557A34C
:10C89A00E0F55812C7A97002411F900226E0601BFA
:10C8AA0090020EE0F551A3E0F5529001F6E0F5573B
:10C8BA00A3E0F55812C7A97002411F900228E06050
:08C8CA001B900210E0F551A3E0
:10C8D200E0F5529001F8E0F557A3E0F55812C7A928
:10C8E2007002411F90022AE0601B900212E0F55193
:10C8F200A3E0F5529001FAE0F557A3E0F55812C70C
:10C90200A97002411F90022CE0601B900214E0F516
:10C9120051A3E0F5529001FCE0F557A3E0F558125F
:10C92200C7A97002411F90022EE0601B900216E020
:10C93200F551A3E0F5529001FEE0F557A3E0F5585A
:10C9420012C7A97002411F900230E0601B900218CA
:10C95200E0F551A3E0F552900200E0F557A3E0F5AF
:10C962005812C7A97002411F900232E0601B900268
:10C972001AE0F551A3E0F552900202E0F557A3E068
:10C98200F55812C7A97002411F900234E0601B9053
:10C99200021CE0F551A3E0F552900204E0F557A322
:10C9A200E0F55812C7A970028073900236E0601B4E
:10C9B20090021EE0F551A3E0F552900206E0F55711
:10C9C200A3E0F55812C7A970028052900238E060C5
:10C9D2001B900220E0F551A3E0F552900208E0F529
:02C9E20057A359
:10C9E400E0F55812C7A97002803190023AE0601B4A
:10C9F400900222E0F551A3E0F55290020AE0F557C7
:10CA0400A3E0F55812C7A970028010D005D004DD48
:10CA140008DC06C004C0058002017FD005D0049064
:10CA2400008AE0B4010C12ECE290008212EC68126D
:10CA3400EBD902ECEC1255ACD21053443F12D9A0FE
:10CA440012A0B05344F712D9A043440812D9A0123B
:10CA5400547B124D97124DA99000A2E06003124D31
:10CA640085124D7112DAC89000D012ECB2C004C025
:10CA740005900224E0602190020CE0F551A3E0F55A
:10CA8400529001C4E0F5619001F4E0F557A3E0F59C
:10CA94005812C7697002815A900226E06021900200
:10CAA4000EE0F551A3E0F5529001C6E0F561900166
:10CAB400F6E0F557A3E0F55812C7697002815A9061
:10CAC4000228E06021900210E0F551A3E0F55290B5
:10CAD40001C8E0F5619001F8E0F557A3E0F55812BC
:10CAE400C7697002815A90022AE06021900212E024
:10CAF400F551A3E0F5529001CAE0F5619001FAE026
:10CB0400F557A3E0F55812C7697002815A90022CB8
:0ACB1400E06021900214E0F551A347
:10CB1E00E0F5529001CCE0F5619001FCE0F557A3F1
:10CB2E00E0F55812C7697002815A90022EE060211A
:10CB3E00900216E0F551A3E0F5529001CEE0F561BA
:10CB4E009001FEE0F557A3E0F55812C76970028117
:10CB5E005A900230E06021900218E0F551A3E0F502
:10CB6E00529001D0E0F561900200E0F557A3E0F598
:10CB7E005812C7697002815A900232E06021900209
:10CB8E001AE0F551A3E0F5529001D2E0F561900262
:10CB9E0002E0F557A3E0F55812C7697002815A906A
:10CBAE000234E0602290021CE0F551A3E0F55290B1
:10CBBE0001D4E0F561900204E0F557A3E0F55812B8
:10CBCE00C769700302CC5A900236E0602190021EB3
:10CBDE00E0F551A3E0F5529001D6E0F56190020622
:10CBEE00E0F557A3E0F55812C7697002805E900217
:10CBFE0038E06021900220E0F551A3E0F55290015B
:10CC0E00D8E0F561900208E0F557A3E0F55812C799
:10CC1E00697002803790023AE06021900222E0F5BE
:08CC2E0051A3E0F5529001DA78
:10CC3600E0F56190020AE0F557A3E0F55812C769DE
:10CC460070028010D005D004DD08DC06C004C005E3
:10CC560080024171D005D00490008AE0B401091227
:10CC6600ECE212EC6512EBD902ECEC90025CE0F51A
:10CC760036A3E0F537F1882290001CE0F5D2A3E058
:10CC8600F5D3229000C8E0B40007434A0112D9E266
:10CC960022534AFE12D9E2229000CAE0B40007539A
:10CCA6004BDF12D9F222434B2012D9F22212DA506C
:10CCB600F53CB41B0122B4012D90004612DA50F067
:10CCC60090004812DA50F0A312DA50F0A312DA50AC
:10CCD600F0A312DA50F075308575310612D9275057
:10CCE6003A12DABC80F69002487403F090024A7455
:10CCF60003F090024C12DA50F0A312DA50F09002D0
:10CD06004E12DA50F0A312DA50F090025012DA50B6
:10CD1600F0A312DA50F0B17C12DABC12E7B4E53CAB
:10CD2600B401107584013098FDE599C298758400A8
:10CD360012DA2181B312DA50B41B01229002487430
:10CD460003F090024A7403F090024C12DA50F0A3FA
:10CD560012DA50F090024E12DA50F0A312DA50F0C6
:0CCD660090025012DA50F0A312DA50F0E4
:10CD7200B17C12DABC12E7B480BF30116A12AEE2A3
:10CD820012AEBA900248E0444012AE7E90024AE0EF
:10CD92006038C007FF90024CE0F812AE7EA3E0F9C3
:10CDA20012AE7EEFD007146021C007FF90024EE062
:10CDB20012AE7EA3E012AE7EEFD00714600C90029A
:10CDC20050E012AE7EA3E012AE7EC007C006900213
:10CDD20048E025E0FF90CDEF93FEA3EF938E83F51D
:10CDE20082D006D007E473740012DA2122CE13CE69
:10CDF2001ACE1BCE1CCE1DCE1ECE1FCE20CE20CED6
:10CE020020CE33CE34CE35CE36CE37CE38CE38CE17
:10CE12003812AEEC12DA212222222222222212AE71
:10CE2200EC12DA2112AEEC12DA2112AEEC12DA2195
:10CE320022222222222212AEEC12DA2112AEEC12AD
:10CE4200DA2112AEEC12DA2112AEEC12DA212290C1
:10CE520000B6E07004124D0322124D71229000BA06
:10CE6200E07004124D5122124DA9229000BCE070D4
:10CE720004124D3F22124D97229000B8E0B40004F4
:10CE8200124D1E22124D25229000BEE07004124D5A
:10CE92002C22124D8522D19C2222D1A1D2DE22F156
:10CEA200FBC2DEC28C90025CE0701EA3E0701A53DB
:08CEB20048FE12D9CE753600CE
:10CEBA00753700F18875DC007536C0753721F1C405
:10CECA0022900254E0700B75D90875D80075DC46BB
:10CEDA00801175D90475D80075DC46900252E0F5C8
:10CEEA008CD28C900256E0F5E9F5EA75F9007536B0
:10CEFA00C0753721F1C4900258E0F536A3E0F53742
:10CF0A00433740F1C490025AE0F536A3E0F53743BF
:10CF1A003740F1C47536007537004337C0F1C47520
:10CF2A0036007537004337C0F1C4753600753700CF
:10CF3A004337E0F1C47536007537004337E0F1C472
:10CF4A00753628753720F1C490025CE0F536A3E007
:10CF5A00F537C3E53633F536E53733F537C3E53606
:10CF6A0033F536E53733F537F18890025EE060072E
:10CF7A0043480112D9CE225348FE12D9CE22D2A555
:10CF8A00000075840FC2E975840000E537F1A6E553
:10CF9A0036F1A675840FD2E975840022C0077F088E
:10CFAA00334006C2A400008004D2A40000C2A50037
:10CFBA0000D2A50000DFE9D0072275840FC2E87508
:10CFCA008400E537F1DDE536F1DD75840FD2E875C9
:10CFDA00840022C0077F08334006C2A400008004F0
:10CFEA00D2A40000C2A50000D2A50000DFE9D00744
:10CFFA00227536C075372112CFC47536F8753714C5
:10D00A0043374012CFC47536007537004337401294
:10D01A00CFC47536007537004337C012CFC4753692
:01D02A000005
:10D02B007537004337C012CFC475360075370043D0
:10D03B0037E012CFC47536007537004337E012CF97
:10D04B00C475360075372012CFC42253443F12D912
:10D05B00A012EC659002707400F0A3F0A3F0A3DFB4
:10D06B00F8DEF612CE9C12DABC90008AE070043126
:10D07B00F9212A30980AC298E599B41B0302ECEC0B
:10D08B0031F911C19000D0E014F070E7A3E0600417
:10D09B0014F080DF12EC65900270E0A312DA21E04D
:10D0AB00A312DA21E0A312DA21DFEFDEED90009676
:10D0BB007401F002ECEC125181D2900000000000E0
:10D0CB0000C29075840F759C0075C8FF759D007527
:10D0DB00D8FF758400C2B75344DF12D9A012EC6598
:10D0EB0090027075840F00000000ADD8ACC8758439
:10D0FB0000E02DF0A3E03CF0A35003E004F0A3D23A
:10D10B0090000000000000C290DFD8DED6D2B743FB
:10D11B00442012D9A075840F759CFF75840022C022
:10D12B0000C001C002C003C004C005780079007ABA
:10D13B00007B00756D00756E00756FFF7570FF12CB
:10D14B00EC65125181D290000000000000C2907576
:10D15B00840F759C0075C8FF759D0075D8FF75848D
:10D16B0000C2B75344DF12D9A075840F0000000032
:10D17B00ADD8ED28F8ACC8EC39F950050AEA7001C6
:0FD18B000B758400C3ED956FEC957050048D6F9C
:10D19A008C70C3ED956DEC956E40048D6D8C6ED2DE
:10D1AA0090000000000000C290DFBFDEBDD2B7438E
:10D1BA00442012D9A075840F759CFF758400E56D13
:10D1CA0012DA21E56E12DA21E56F12DA21E5701220
:10D1DA00DA21E812DA21E912DA21EA12DA21EB126B
:10D1EA00DA21D005D004D003D002D001D00022C267
:10D1FA00AFC2A9C28CC28D900264E0F58CF58A9008
:10D20A000266E07003538EF7D2AFD2A97584025337
:10D21A00E7FBC2CAC2CF75C802900260E0F5CAF540
:10D22A00CCA3E0F5CBF5CD43E704D2CAC2CF7584CF
:10D23A0000900268E0602543444053447F12D9A01D
:10D24A00D29100000000000000C29120A1FDD291FD
:10D25A0000000000000000C29120A1FD12512D1211
:10D26A00EC65D2AFD2A9D290D2DEC2053005FDC29A
:10D27A00AFC2A9C28CC28DC29075840275C80075EE
:10D28A00840020A1FDD290000000000000C290C2DC
:10D29A0091438E092212EC659002707400F0A3F09B
:10D2AA00A3F0A3DFF8DEF690008AE07004718380B1
:10D2BA004130980AC298E599B41B0302ECEC7183D9
:10D2CA009000D0E014F070E9A3E0600414F080E16B
:10D2DA0012EC65900270E0A312DA21E0A312DA21BF
:10D2EA00E0A312DA21DFEFDEED9000967401F0027E
:06D2FA00ECECC000C001D5
:10D30000C002C003C004C005780079007A007B0029
:10D31000756D00756E00756FFF7570FF12EC65908E
:10D320000270E0A3FD28F8E0A3A3FC39F950050A38
:10D33000EA70010BC3ED956FEC957050048D6F8C06
:10D3400070C3ED956DEC956E40048D6D8C6EDFD2E3
:10D35000DED0E56D12DA21E56E12DA21E56F12DA20
:10D3600021E57012DA21E812DA21E912DA21EA1253
:10D37000DA21EB12DA21D005D004D003D002D0019B
:10D38000D0002212CE9C12DABCD2DE900260E060A5
:10D390001B12553B30050302ECEC3087F412553B71
:10D3A00030050302ECEC2087FDD5E0F112EC6512AC
:10D3B000547B90027012553B30050302ECEC30CFE9
:10D3C000F4C2CF126EA3E02536F0A3E03537F0A308
:10D3D0005003E004F0A3DFDDDEDB2275840F30FBB9
:10D3E0000E7584003098F4C298E599B41BED22754F
:10D3F0008400740012DA212290005CE0B40007433C
:10D400004301129DA4225343FE129DA4225343BF05
:10D41000129DA412DB1B75840F20FC387584004319
:10D420004340129DA412DB1B75840F30FC267584CB
:10D4300000740112ADF212ADB9B4541890026AE052
:10D440006004740A8002740912ADF212DAC8740121
:10D4500012DA2122758400740012DA21225343BFAC
:10D46000129DA412DB1B75840F20FCE87584004319
:10D470004340129DA412DB1B75840F30FCD67584CB
:10D4800000740112ADF212ADB9B454C8748012AD7B
:10D49000F212ADB9C007FF900098A3E0C39FD00778
:10D4A000600250B0740212ADF2900098E012ADF23A
:10D4B00012DAC8740112DA212291D42212EC65909A
:10D4C000008AE0F58375820074009312DA21A3DFED
:10D4D000F7DEF52212DA29B45A2012DA2112DA29FB
:10D4E000B4AA1712DA2112DA29B4000E12DA2112C4
:10D4F000DA29B4FF0512DA2180030243DEC2AF430A
:10D50000B701438F02438F0190008AE0F583758253
:10D510000074FFF0538FFD538FFE740112DA211255
:10D52000EC6590008AE0F58375820075840F53A145
:10D53000FE75840043B701438F0112DA29F0A3DF9F
:10D54000F9DEF753B7FE538FFE740112DA212290F1
:10D55000026CE0B40005434304C150B401055343D9
:10D56000FBC150B40205434301C150B4030553430A
:10D57000FEC150B40405434320C150B405055343D4
:10D58000DFC150B40605434380C150B4070553437F
:10D590007FC150B40805434340C150B4090553430B
:10D5A000BFC150B40A054343048046B40B0553433E
:01D5B000FB7F
:10D5B100803EB40C054343018036B40D055343FE50
:10D5C100802EB40E054343208026B40F055343DF5C
:10D5D100801EB410054343808016B4110553437F68
:10D5E100800EB412054343408006B413695343BF10
:10D5F100129DA490026E12EC6812DAD4DFFBDEF900
:10D6010090026CE0B40A055343FB8043B40B05431D
:10D611004304803BB40C055343FE8033B40D0543F2
:10D621004301802BB40E055343DF8023B40F054320
:10D631004320801BB4100553437F8013B41105436D
:10D641004380800BB412055343BF80034343401210
:10D651009DA412DA2122F53090026E12EC68EF4E91
:10D661007008D18670FC12DA21227D107C28D186C7
:10D67100700412DA212212DAEEDDF3DCF1DFEBDEE7
:10D68100E912DA2122E53075840FB4140730FC3336
:10D6910075840022B4150720FC2975840022B41674
:10D6A1000730FD1F75840022B4170720FD1575840E
:10D6B1000022B4180730FB0B7584002220FB04758F
:10D6C10084002274007584002222124DB922124E68
:10D6D1006522124E83222290006AE0124CD62290DB
:10D6E100000CE0D1E72223232323534A0F424A129D
:10D6F100D9E222900064E0F107900066E0F11C900D
:0AD701000068E0F13122900064E0BE
:10D70B00B40007534BFB12D9F222434B0412D9F24C
:10D71B0022900066E0B40007534BEF12D9F222437C
:10D72B004B1012D9F222900068E0B40007534BBFA4
:10D73B0012D9F222434B4012D9F22290006CE0F145
:10D74B004D22C007FF540FD1E7EF5410F107EF54F0
:10D75B0020F11CEF5440F131D00722124F2F124F02
:10D76B003D222212D9275006742112DA212212DA15
:10D77B0029B45A4412DA5812DA66B45A3B12DA2137
:10D78B0012DA29B4AA3212DA5812DA66B4AA2912BA
:10D79B00DA2112DA29B4002012DA5812DA66B40050
:10D7AB001712DA2112DA29B4FF0E12DA5812DA66DE
:10D7BB00B4FF0512DA218008742112DA210243DE4C
:10D7CB0012DA96B401F212DA2112EC6512DA29128E
:10D7DB00DA58DFF8DEF612DA66B401DC12DA21224F
:10D7EB0012D9275006742112DA2122758400309841
:10D7FB0007C298E5995158227584013098ED51660E
:10D80B00512122312750057421512122758400307A
:10D81B009807C298E5995158227584013098ED51BB
:10D82B0066F85121900046E0540460105196512146
:10D83B005166512151665121516651212231275098
:10D84B001174FE512174FF512174FF512174FF514A
:04D85B0021225166CF
:10D85F005121516651215166512151665121223179
:10D86F00275005742151212212EC6551665121DF99
:10D87F00FA223127500574215121225129B45A35EA
:10D88F0051585166B45A2E51215129B4AA275158D3
:10D89F005166B4AA2051215129B40019515851662B
:10D8AF00B4001251215129B4FF0B51585166B4FFE6
:10D8BF000451218007742151210243DE5166B401C6
:10D8CF00F4512112EC6551295158DFFADEF85166F7
:10D8DF00B401E25121223127223127500574215101
:10D8EF00212222312750057421512122229000CC70
:10D8FF00E06009434340129DA4711B225343BF12A2
:10D90F009DA4711B22229000CEE060064348803117
:10D91F00CE2253487F31CE22C007C00674555158CE
:10D92F0051664067B4556451585166405EB4AA5B66
:10D93F00E530515874005158E53151587400515821
:10D94F007C00E53025E0FD50010C9044E5E5822D8B
:10D95F00F582E5833CF583E493FEA3E4938E83F590
:10D96F0082AF31BF0002801DE493F9A3E493F8A3C3
:06D97F00AA82AB8388823E
:10D985008983E05158A3E051588A828B83DFE3C332
:10D99500D006D00722D3D006D00722E5445102D2C3
:10D9A500A600C2A622E5455102D2B500C2B522E5C0
:10D9B50046510275840FD2EF00C2EF75840022E54F
:10D9C500475102D2B200C2B222E5485102D2B30099
:10D9D500C2B322E5495102D2B400C2B422E54A518C
:10D9E5000275840FD2EC00C2EC75840022E54B5120
:10D9F5000275840FD2EB00C2EB75840022C007C20A
:10DA0500A5007F0833C2A4005003D2A400D2A5000C
:10DA1500C2A500DFEFD00722020200223099FDF5F2
:10DA250099C29922C007C006C0057D037EFF7FFF0E
:10DA350010980EDFFBDEF9DDF7D3D005D006D00751
:10DA450022E599C3D005D006D007223098FDE59987
:10DA5500C298227584013099FDF599C299758400A3
:10DA650022758401C007C006C0057D037EFF7FFFC8
:10DA7500109811DFFBDEF9DDF7D3D005D006D0070E
:10DA850075840022E599C3D005D006D007758400BA
:10DA9500227584013098FDE599C29875840022515C
:10DAA500A951A92251B051B051B622C0077FC880F3
:10DAB50028C0077F648022C0077F32801CC0077F93
:09DAC500288016C0077F1E8010A6
:10DACE00C0077F14800AC0077F0A8004C0077F0545
:10DADE0051EEDFFCD00722C0077FC8712DD0072280
:10DAEE00C0077F64712DD00722C0077F32712DD001
:10DAFE000722C0077F19712DD00722C0077F0A7138
:10DB0E002DD00722C0077F07712DD00722C0077FB7
:10DB1E0005712DD00722C0077F01712DD00722C0BD
:10DB2E00067E1EDEFED0060000DFF42222002275E5
:10DB3E00985075910A75840175C80075C90875CA23
:10DB4E00BB75CCBB75CBFE75CDFED2CA75840022DB
:10DB5E0075985075910A75840175C80075C9087558
:10DB6E00CACA75CCCA75CBFF75CDFFD2CA758400F3
:10DB7E002290008AE0B4010122B402041251B722AD
:10DB8E00B403041251C222B404041251D22212510F
:10DB9E00DA2290008AE0B40103D15922B40203F1D3
:10DBAE009A22B4030371BF22B40403917B22B149BC
:10DBBE0022C006C0077536007537007538007551DE
:10DBCE000075520075530075840F759C0075C8FF63
:10DBDE00759D0075D8FF75840053443F31A0C2A0D7
:10DBEE0075840275CA3075CC3075CBF875CDF8D208
:10DBFE00CAC2CF90008E12EC6875840230CFFDC27F
:10DC0E00CF758400C2B67112D291000000000000E0
:0FDC1E0000C29175840F20A1FDE5D82536F5369B
:10DC2D00E5C83537F53750020538758400D2B67121
:10DC3D0012D29100000000000000C29175840F20E7
:10DC4D00A1FDE5D82551F551E5C83552F5525002E3
:10DC5D000553DFA6DEA4758402C2CA758400D2A066
:10DC6D0075840F759CFF758400D007D00622C00601
:10DC7D00C007753600753700753800753900755158
:10DC8D000075520075530075540075840F759C0016
:10DC9D0075C8FF759D0075D8FF75840053443F31DD
:10DCAD00A0C2A075840275CA3075CC3075CBF875DD
:10DCBD00CDF8D2CAC2CF90008E12EC6875840230B6
:10DCCD00CFFDC2CF758400C2B67112D29100000093
:10DCDD0000000000C29175840F20A1FDE5D8253606
:10DCED00F536E5C83537F53750080538E538700293
:10DCFD000539758400D2B67112D291000000000072
:10DD0D000000C29175840F20A1FDE5D82551F55174
:10DD1D00E5C83552F55250080553E55370020554C8
:10DD2D00DF9ADE98758402C2CA758400D2A075840C
:10DD3D000F759CFF758400D007D00622C005C00664
:10DD4D00C007753600753700753800753900753A9E
:10DD5D0000755100755200755300755400755500CE
:10DD6D0075840F759C0075C8FF759D0075D8FF757E
:10DD7D00840053443F31A0C2A075840275CA30752A
:10DD8D00CC3075CBF875CDF8D2CAC2CF90008EE0ED
:10DD9D00FFA3E0FEA3E0FD12ECD575840230CFFDAC
:10DDAD00C2CF758400C2B67112D29100000000007E
:10DDBD000000C29175840F20A1FDE5D82536F536FA
:0EDDCD00E5C83537F537500E0538E5387008D3
:10DDDB000539E5397002053A758400D2B67112D255
:10DDEB009100000000000000C29175840F20A1FD7E
:10DDFB00E5D82551F551E5C83552F552500E05536E
:10DE0B00E55370080554E55470020555DF8EDE8C22
:10DE1B00DD8A758402C2CA758400D2A075840F7521
:10DE2B009CFF758400D007D006D0052290008AE0B5
:10DE3B00B40103D15922B40203F19A22B4030412A0
:10DE4B00E0D922B4040412E1D12212E2E622C00688
:10DE5B00C007753600753700753800753900755178
:10DE6B0000755200755300755400C2B6711275845B
:10DE7B000F759C0075C8FF759D0075D8FF758400E4
:10DE8B0053443F31A0C2A075840275CA3875CC3893
:10DE9B0075CBFF75CDFFD2CAC2CFD2910000000067
:10DEAB00000000C29190008E12EC6875840230CF96
:10DEBB00FDC2CF75840F20A1FDE5D82536F536E5DB
:10DECB00C83537F537758400D2910000000000008B
:10DEDB0000C29150080538E53860020539DFCCDE09
:10DEEB00CAD2B67112758402C2CA75CA3875CC38DB
:10DEFB0075CBFF75CDFFD2CAC2CFD2910000000007
:10DF0B00000000C29190008E12EC6875840230CF35
:10DF1B00FDC2CF75840F20A1FDE5D82551F551E544
:10DF2B00C83552F552D29100000000000000C2919A
:10DF3B0050080553E55360020554DFCFDECD7584E1
:10DF4B0000D2A075840F759CFF758400C2B67584D2
:10DF5B0002C2CA758400900090E0FFC3E53913F547
:0DDF6B0039E53813F538E53713F537E5369D
:10DF780013F536C3E55413F554E55313F553E55239
:10DF880013F552E55113F551DFD412EB07D007D042
:10DF98000622C006C007753600753700753800754B
:10DFA8003900755100755200755300755400C2B69A
:10DFB800711275840F759C0075C8FF759D0075D822
:10DFC800FF75840053443F31A0C2A075840275CA0E
:10DFD8003875CC3875CBFF75CDFFD2CAC2CFD29178
:10DFE80000000000000000C29190008E12EC6875DD
:10DFF800840230CFFDC2CF75840F20A1FDE5D8255E
:10E0080036F536E5C83537F537D2910000000000FF
:10E018000000C29150080538E53870020539DFCF95
:10E02800DECD758400D2B612DB12758402C2CA75C1
:10E03800CA3875CC3875CBFF75CDFFD2CAC2CFD2DE
:10E048009100000000000000C29190008E12EC6860
:10E0580075840230CFFDC2CF75840F20A1FDE5D8AD
:10E068002551F551E5C83552F552D291000000000E
:10E07800000000C29150080553E55370020554DFB3
:10E08800CFDECD758400D2A075840F759CFF758492
:10E0980000C2B6758402C2CA758400900090E0FF81
:10E0A800C3E53913F539E53813F538E53713F5378E
:10E0B800E53613F536C3E55413F554E55313F55314
:10E0C800E55213F552E55113F551DFD4D007D006C8
:10E0D80022C006C0077536007537007538007551BF
:10E0E80000755200755300C2B612DB1275840F75A5
:10E0F8009C0075C8FF759D0075D8FF758400534452
:06E108003F12D9A0C2A0E5
:10E10E0075840275CA3875CC3875CBFF75CDFFD2C4
:10E11E00CAC2CFD29100000000000000C291900050
:10E12E008E12EC6875840230CFFDC2CF75840F203D
:10E13E00A1FDE5D82536F536E5C83537F537D29148
:10E14E0000000000000000C29150020538DFD5DE4D
:10E15E00D3D2B612DB12758402C2CA75CA3875CC18
:10E16E003875CBFF75CDFFD2CAC2CFD29100000059
:10E17E0000000000C29190008E12EC68758402308F
:10E18E00CFFDC2CF75840F20A1FDE5D82551F551E5
:10E19E00E5C83552F552D29100000000000000C2D1
:10E1AE009150020553DFD5DED3D2A075840F759C36
:10E1BE00FF758400C2B6758402C2CA758400D0078A
:10E1CE00D00622C005C006C007753600753700752B
:10E1DE00380075390075510075520075530075542D
:10E1EE0000C2B612DB1275840F759C0075C8FF75E0
:10E1FE009D0075D8FF75840053443F12D9A0C2A06C
:10E20E0075840275CA3875CC3875CBFF75CDFFD2C3
:10E21E00CAC2CFD29100000000000000C29190004F
:10E22E008E12EC6812553B30050302ECEC7584023D
:10E23E0030CFFDC2CF75840F20A1FDE5D82536F570
:10E24E0036E5C83537F537D29100000000000000E2
:10E25E00C29150080538E53870020539DFC6DEC4B4
:10E26E00D2B612DB12758402C2CA75CA3875CC38A2
:10E27E0075CBFF75CDFFD2CAC2CFD2910000000080
:10E28E00000000C29190008E12EC6812553B3005D2
:10E29E000302ECEC75840230CFFDC2CF75840F20E3
:10E2AE00A1FDE5D82551F551E5C83552F552500876
:10E2BE000553E55370020554DFD1DECFD2A075842D
:0CE2CE000F759CFF758400C2B6758402B9
:10E2DA00C2CA758400D007D006D00522C004C00582
:10E2EA00C006C007753600753700753800753900E5
:10E2FA00753A0075510075520075530075540075D2
:10E30A005500C2B612DB1275840F759C0075C8FFE2
:10E31A00759D0075D8FF75840053443F12D9A0C279
:10E32A00A075840275CA3875CC3875CBFF75CDFFD8
:10E33A00D2CAC2CFD29100000000000000C2919060
:10E34A00008EE0FFA3E0FEA3E0FD12ECD512553BE0
:10E35A0030050302ECEC75840230CFFDC2CF758420
:10E36A000F20A1FDE5D82536F536E5C83537F5374E
:10E37A00D29100000000000000C291500E0538E55D
:10E38A003870080539E5397002053ADFC0DEBEDDAE
:10E39A00BCD2B612DB12758402C2CA75CA3875CCF1
:10E3AA003875CBFF75CDFFD2CAC2CFD2910000001B
:10E3BA0000000000C29190008EE0FFA3E0FEA3E0FF
:10E3CA00FD12ECD512553B30050302ECEC758402C4
:10E3DA0030CFFDC2CF75840F20A1FDE5D82551F5B8
:10E3EA0051E5C83552F552D29100000000000000F4
:10E3FA00C291500E0553E55370080554E554700256
:10E40A000555DFC0DEBEDDBCD2A075840F759CFF4A
:10E41A00758400C2B6758402C2CA758400D007D05A
:10E42A0006D005D00422C004C005C006C007758402
:10E43A000F759C0075C8FF759D0075D8FF7584001F
:10E44A00D29100000000000000C291C2A090008E8C
:10E45A0012EC6812553B30050302ECEC20A1FD7565
:10E46A00840F12DB3AE5D82536F536E5C83537F597
:06E47A0037758400500814
:10E480000538E53870020539D2910000000000001F
:10E4900000C291DFC8DEC6D2A075840F759CFF75DF
:10E4A0008400D007D006D005D00422C003C004C029
:10E4B00005C006C00775840F759C0075C8FF759D63
:10E4C0000075D8FF758400D29100000000000000A4
:10E4D000C291C2A090008EE0FFA3E0FEA3E0FD1277
:10E4E000ECD512553B30050302ECEC20A1FD12DB0C
:10E4F0003A75840FE5D82536F536E5C83537F53752
:10E50000758400500E0538E53870080539E5397016
:10E5100002053AD29100000000000000C291DFC263
:10E52000DEC0DDBED2A075840F759CFF758400D05F
:10E5300007D006D005D004D0032290008AE0B403AF
:10E54000028008B4040302E5C9C159C006C00775BA
:10E55000840F759C0075C8FF759D0075D8FF758484
:10E5600000D29100000000000000C291C2A0900003
:10E570008E12EC68753600753700753800758402A8
:10E58000D2CAC2CF75840230CFFDC2CF75840FE5E9
:10E59000D82536F536E5C83537F537D29100000075
:10E5A00000000000C29175840050020538DFD5DEFE
:10E5B000D3D2A075840F759CFF758400758402C248
:10E5C000CA758400D007D00622C006C00775840F24
:10E5D000759C0075C8FF759D0075D8FF758400D2C5
:10E5E0009100000000000000C291C2A090008E12B5
:10E5F000EC6875360075370075380075390075841C
:10E6000002D2CAC2CF12553B30050302ECEC75842E
:10E610000230CFFDC2CF75840FE5D82536F536E53B
:10E62000C83537F537D29100000000000000C291D4
:10E6300075840050080538E53870020539DFC6DEFC
:10E64000C4D2A075840F759CFF758400758402C2C6
:04E65000CA75840003
:10E65400D007D00622C005C006C00775840F759C7C
:10E664000075C8FF759D0075D8FF758400D29100B0
:10E67400000000000000C291C2A090008EE0FFA341
:10E68400E0FEA3E0FD12ECD5753600753700753851
:10E6940000753900753A00758402D2CAC2CF12558A
:10E6A4003B30050302ECEC75840230CFFDC2CF751C
:10E6B400840FE5D82536F536E5C83537F537D291D8
:10E6C40000000000000000C291758400500E05385F
:10E6D400E53870080539E5397002053ADFC0DEBE59
:10E6E400DDBCD2A075840F759CFF7584007584020F
:10E6F400C2CA758400D007D006D0052290008AE0F3
:10E70400B40202800DB40302800CB40402E1BA0224
:10E71400E889126FDB22C000C001C006C007900068
:10E724008E12EC68D29100000000000000C29175C6
:10E734003600753700753800756D00756E00756F9D
:10E74400FF7570FF75840F759C0075C8FF759D007B
:10E7540075D8FF758400C2A020A1FD75840FE5D88B
:10E76400F92536F536E5C8F83537F537D291000086
:10E774000000000000C29175840050020538C3E90E
:10E78400956FE895705004896F8870C3E9956DE8BA
:10E79400956E4004896D886EDFBEDEBCD2A07584A0
:10E7A4000F759CFF758400D007D006D001D00022DD
:10E7B400F1BA1251D22290008EC000C001C006C02E
:10E7C4000712EC68D29100000000000000C29175AD
:10E7D4003600753700753800753900756D00756E33
:10E7E40000756FFF7570FF75840F759C0075C8FF09
:10E7F400759D0075D8FF758400C2A075840275CA22
:01E8040038DB
:10E8050075CC3875CBFF75CDFFD2CAC2CF12553B3B
:10E8150030050302ECEC75840230CFFDC2CF758460
:10E825000F20A1FDE5D8F92536F536E5C8F83537C9
:10E83500F537D29100000000000000C291758400F8
:10E8450050080538E53870020539C3E9956FE89534
:10E85500705004896F8870C3E9956DE8956E400422
:10E86500896D886EDFA7DEA5D2A075840F759CFF24
:10E87500758400D007D006D001D000758402C2CAC5
:10E885007584002290008EC000C001C005C006C07E
:10E8950007E0FFA3E0FEA3E0FD91D5D291000000C3
:10E8A50000000000C29175840F759C0075C8FF7546
:10E8B5009D0075D8FF758400C2A0753600753700B8
:10E8C500753800753900753A00756D00756E0075FF
:10E8D5006FFF7570FF75840275CA3875CC3875CBB6
:10E8E500FF75CDFFD2CAC2CF12553B30050302ECEE
:10E8F500EC75840230CFFDC2CF75840F20A1FDE5F4
:10E90500D8F92536F536E5C8F83537F537D291000B
:10E91500000000000000C291758400500E0538E526
:10E925003870080539E5397002053AC3E9956FE88D
:10E9350095705004896F8870C3E9956DE8956E40B0
:10E9450004896D886EDFA1DE9FDD9DD2A075840FE1
:10E95500759CFF758400D007D006D005D001D00086
:10E96500758402C2CA7584002290008AE0B403024D
:02E9750080021E
:10E97700411BC000C001C006C00790008E9168D23D
:10E987009100000000000000C29175360075370045
:10E99700753800756D00756E00756FFF7570FF75C2
:10E9A700840F759C0075C8FF759D0075D8FF758429
:10E9B70000C2A075840F20A1FDE5D8F4F9E5C8F4DD
:10E9C700F809E9700108758400D291000000000081
:10E9D7000000C291E92536F536E83537F53750029C
:10E9E7000538C3E9956FE895705004896F8870C33F
:10E9F700E9956DE8956E4004896D886EDFB5DEB3E5
:10EA0700D2A075840F759CFF758400D007D006D0FF
:10EA170001D00022C000C001C006C00790008E913F
:10EA270068D29100000000000000C29175360075A1
:10EA37003700753800753900756D00756E00756F94
:10EA4700FF7570FF75840F759C0075C8FF759D0075
:10EA570075D8FF758400C2A012553B30050302EC40
:10EA6700EC75840F20A1FDE5D8F4F9E5C8F4F809A1
:10EA7700E9700108758400D29100000000000000D1
:10EA8700C291E92536F536E83537F53750080538A8
:10EA9700E53870020539C3E9956FE8957050048928
:10EAA7006F8870C3E9956DE8956E4004896D886E2F
:10EAB700DFA6DEA4D2A075840F759CFF758400D0F5
:10EAC70007D006D001D00022C2B775840F759CFF0E
:10EAD700759DFF75840075840F8536D88537C87591
:10EAE7008400C2A300D2A375840F759D0075D8FF5B
:10EAF700758400D2B7D290000000000000C29022B7
:10EB0700C2B775840F759CFF759DFF75840075846A
:07EB17000F8536D88537C8D1
:10EB1E00758400C2A300D2A3D290000000000000B2
:10EB2E00C29075840F8551D88552C8E551E552754E
:10EB3E008400C2A300D2A375840F759D0075D8FF03
:10EB4E00758400D2B7D290000000000000C290225F
:10EB5E00125181D290000000000000C29075840F07
:10EB6E00759C0075C8FF759D0075D8FF758400C231
:10EB7E00B75344DF12D9A030981BC298E599B41B45
:10EB8E0014D2B743442012D9A075840F759CFF751B
:10EB9E00840002ECEC75840F00000000ADD8ACC808
:10EBAE00758400ED12DA21EC12DA21D29000000009
:10EBBE00000000C290DFC0DEBED2B743442012D99F
:10EBCE00A075840F759CFF758400221251813098B8
:10EBDE0004C298E59975840F759C0075C8FF759DE4
:10EBEE000075D8FF758400C2B75344DF12D9A03028
:10EBFE00981BC298E599B41B14D2B743442012D97E
:10EC0E00A075840F759CFF75840002ECEC75840F63
:10EC1E0000000000ADD8ACC8758400ED12DA21EC0E
:10EC2E0012DA21D290000000000000C290DFC0DE98
:10EC3E00BED2B743442012D9A075840F759CFF75C0
:10EC4E008400229000848012900084801A900086A6
:10EC5E0080089000868010900082E0FFA3E0FEEF17
:10EC6E0060010E22900082E0FFA3E0FEEF2FFFEE88
:10EC7E003EFEEF60010E22900082E0FFA3E0FEEF69
:10EC8E002FFFEE3EFEEF3FFFEE3EFEEF60010E2247
:0FEC9E00E0F9A3E0F8E960010822E0FBA3E0FA47
:10ECAD00EB60010A22E0FDA3E0FCED60010C22EF18
:10ECBD0060090EEE70050DED70010CEE60050DEDA9
:10ECCD0070010CED60010C22EF60050EEE70010D70
:10ECDD00EE60010D22900096E07003124CEF22754C
:10ECED008400D2A0D2B743442012D9A075840F75E9
:10ECFD009CFF75840091E2C2AFC2AD53F7FB53E7A1
:10ED0D00FAC205C2CAC2CF758402C2CAC2CF758407
:10ED1D000043472012D9C4C2105344BF434480124C
:10ED2D00D9A05345BF12D9AA43450812D9AA1250EA
:0AED3D00C243488012D9CE0243DE23
:00000001FF
